Date,Item_Name,Quantity_Sold,Waste_Quantity,End_of_Day_Stock,Day_of_Week,Is_Weekend,Month,Festival_or_Holiday,Weather_Condition,Max_Temperature_C,Humidity_Percentage,Precipitation_mm,Starting_Inventory,Restock_Quantity,Sales_Previous_Day,Rolling_7Day_Avg_Sales
2024-01-01,Bananas,50,0,81,Monday,No,1,None,Cloudy,20.6,63.8,0.0,131,131,50,50.0
2024-01-02,Bananas,71,0,10,Tuesday,No,1,None,Sunny,17.3,41.5,0.0,81,0,50,50.0
2024-01-03,Bananas,34,0,63,Wednesday,No,1,None,Sunny,24.8,41.4,0.0,97,87,71,60.5
2024-01-04,Bananas,59,0,4,Thursday,No,1,None,Sunny,17.8,47.6,0.0,63,0,34,51.7
2024-01-05,Bananas,32,1,82,Friday,No,1,None,Cloudy,24.2,43.5,0.0,115,111,59,53.5
2024-01-06,Bananas,47,0,35,Saturday,Yes,1,None,Sunny,25.2,51.3,0.0,82,0,32,49.2
2024-01-07,Bananas,35,0,0,Sunday,Yes,1,None,Sunny,23.4,49.6,0.0,35,0,47,48.8
2024-01-08,Bananas,67,0,0,Monday,No,1,None,Sunny,21.6,43.1,0.0,67,67,35,46.9
2024-01-09,Bananas,36,0,29,Tuesday,No,1,None,Sunny,18.9,56.6,0.0,65,65,67,49.3
2024-01-10,Bananas,71,0,69,Wednesday,No,1,None,Sunny,29.5,59.4,0.0,140,111,36,44.3
2024-01-11,Bananas,69,0,0,Thursday,No,1,None,Cloudy,28.8,42.2,0.0,69,0,71,49.6
2024-01-12,Bananas,63,1,84,Friday,No,1,None,Sunny,26.2,53.5,0.0,148,148,69,51.0
2024-01-13,Bananas,84,0,0,Saturday,Yes,1,Uttarayan,Sunny,16.1,64.7,0.0,84,0,63,55.4
2024-01-14,Bananas,94,0,0,Sunday,Yes,1,Uttarayan,Cloudy,27.2,57.7,0.0,94,94,84,60.7
2024-01-15,Bananas,66,0,66,Monday,No,1,Uttarayan,Cloudy,28.9,56.3,0.0,132,132,94,69.1
2024-01-16,Bananas,58,0,8,Tuesday,No,1,None,Sunny,16.4,49.3,0.0,66,0,66,69.0
2024-01-17,Bananas,64,0,58,Wednesday,No,1,None,Cloudy,23.9,46.9,0.0,122,114,58,72.1
2024-01-18,Bananas,47,0,11,Thursday,No,1,None,Sunny,25.7,59.0,0.0,58,0,64,71.1
2024-01-19,Bananas,67,0,44,Friday,No,1,None,Sunny,22.8,50.7,0.0,111,100,47,68.0
2024-01-20,Bananas,44,0,0,Saturday,Yes,1,None,Sunny,19.7,52.7,0.0,44,0,67,68.6
2024-01-21,Bananas,51,0,40,Sunday,Yes,1,None,Sunny,21.2,58.9,0.0,91,91,44,62.9
2024-01-22,Bananas,38,0,2,Monday,No,1,None,Sunny,17.4,63.2,0.0,40,0,51,56.7
2024-01-23,Bananas,68,0,45,Tuesday,No,1,None,Sunny,18.3,50.4,0.0,113,111,38,52.7
2024-01-24,Bananas,35,0,10,Wednesday,No,1,None,Sunny,24.7,40.0,0.0,45,0,68,54.1
2024-01-25,Bananas,58,0,52,Thursday,No,1,None,Sunny,22.7,50.4,0.0,110,100,35,50.0
2024-01-26,Bananas,45,0,7,Friday,No,1,None,Sunny,19.8,53.0,0.0,52,0,58,51.6
2024-01-27,Bananas,65,0,47,Saturday,Yes,1,None,Sunny,22.5,47.5,0.0,112,105,45,48.4
2024-01-28,Bananas,47,0,0,Sunday,Yes,1,None,Cloudy,29.6,50.3,0.0,47,0,65,51.4
2024-01-29,Bananas,60,0,43,Monday,No,1,None,Sunny,24.5,57.0,0.0,103,103,47,50.9
2024-01-30,Bananas,43,0,0,Tuesday,No,1,None,Cloudy,18.6,56.8,0.0,43,0,60,54.0
2024-01-31,Bananas,44,1,100,Wednesday,No,1,None,Sunny,20.5,55.8,0.0,145,145,43,50.4
2024-02-01,Bananas,35,0,65,Thursday,No,2,None,Cloudy,27.0,43.8,0.0,100,0,44,51.7
2024-02-02,Bananas,55,0,10,Friday,No,2,None,Cloudy,27.9,48.1,0.0,65,0,35,48.4
2024-02-03,Bananas,92,0,0,Saturday,Yes,2,None,Sunny,18.4,56.1,0.0,92,82,55,49.9
2024-02-04,Bananas,74,0,74,Sunday,Yes,2,None,Sunny,29.1,43.4,0.0,148,148,92,53.7
2024-02-05,Bananas,34,0,40,Monday,No,2,None,Sunny,25.4,45.7,0.0,74,0,74,57.6
2024-02-06,Bananas,38,0,2,Tuesday,No,2,None,Cloudy,29.5,54.0,0.0,40,0,34,53.9
2024-02-07,Bananas,58,0,26,Wednesday,No,2,None,Sunny,25.5,61.2,0.0,84,82,38,53.1
2024-02-08,Bananas,63,0,37,Thursday,No,2,None,Sunny,29.0,59.6,0.0,100,74,58,55.1
2024-02-09,Bananas,37,0,0,Friday,No,2,None,Cloudy,19.6,52.1,0.0,37,0,63,59.1
2024-02-10,Bananas,70,0,10,Saturday,Yes,2,None,Sunny,17.6,40.5,0.0,80,80,37,56.6
2024-02-11,Bananas,58,0,49,Sunday,Yes,2,None,Sunny,26.2,58.0,0.0,107,97,70,53.4
2024-02-12,Bananas,49,0,0,Monday,No,2,None,Sunny,24.5,46.3,0.0,49,0,58,51.1
2024-02-13,Bananas,59,0,21,Tuesday,No,2,None,Cloudy,22.3,62.7,0.0,80,80,49,53.3
2024-02-14,Bananas,52,0,66,Wednesday,No,2,None,Sunny,25.0,61.6,0.0,118,97,59,56.3
2024-02-15,Bananas,63,0,3,Thursday,No,2,None,Sunny,26.5,41.1,0.0,66,0,52,55.4
2024-02-16,Bananas,63,0,13,Friday,No,2,None,Sunny,28.3,58.7,0.0,76,73,63,55.4
2024-02-17,Bananas,71,0,54,Saturday,Yes,2,None,Sunny,29.5,64.1,0.0,125,112,63,59.1
2024-02-18,Bananas,54,0,0,Sunday,Yes,2,None,Sunny,19.0,52.1,0.0,54,0,71,59.3
2024-02-19,Bananas,67,0,16,Monday,No,2,None,Sunny,27.7,63.3,0.0,83,83,54,58.7
2024-02-20,Bananas,60,0,7,Tuesday,No,2,None,Sunny,20.4,46.4,0.0,67,51,67,61.3
2024-02-21,Bananas,55,0,43,Wednesday,No,2,None,Cloudy,25.5,57.6,0.0,98,91,60,61.4
2024-02-22,Bananas,39,0,4,Thursday,No,2,None,Sunny,28.0,62.8,0.0,43,0,55,61.9
2024-02-23,Bananas,47,0,22,Friday,No,2,None,Sunny,27.0,56.2,0.0,69,65,39,58.4
2024-02-24,Bananas,74,0,29,Saturday,Yes,2,None,Sunny,20.1,49.4,0.0,103,81,47,56.1
2024-02-25,Bananas,72,0,28,Sunday,Yes,2,None,Sunny,19.9,43.9,0.0,100,71,74,56.6
2024-02-26,Bananas,66,0,71,Monday,No,2,None,Cloudy,15.6,47.6,0.0,137,109,72,59.1
2024-02-27,Bananas,71,0,0,Tuesday,No,2,None,Sunny,26.5,45.4,0.0,71,0,66,59.0
2024-02-28,Bananas,69,0,45,Wednesday,No,2,None,Cloudy,15.8,53.3,0.0,114,114,71,60.6
2024-02-29,Bananas,45,0,0,Thursday,No,2,None,Sunny,29.6,52.9,0.0,45,0,69,62.6
2024-03-01,Bananas,66,2,81,Friday,No,3,None,Cloudy,35.5,43.2,0.0,149,149,45,63.4
2024-03-02,Bananas,31,0,50,Saturday,Yes,3,None,Light Rain,33.1,42.8,4.7,81,0,66,66.1
2024-03-03,Bananas,50,0,0,Sunday,Yes,3,None,Sunny,35.1,32.8,0.0,50,0,31,60.0
2024-03-04,Bananas,46,1,34,Monday,No,3,None,Light Rain,40.3,45.5,6.0,81,81,50,56.9
2024-03-05,Bananas,34,0,0,Tuesday,No,3,None,Sunny,35.2,40.7,0.0,34,0,46,54.0
2024-03-06,Bananas,37,0,84,Wednesday,No,3,None,Sunny,33.5,31.4,0.0,121,121,34,48.7
2024-03-07,Bananas,65,0,19,Thursday,No,3,None,Cloudy,33.3,44.7,0.0,84,0,37,44.1
2024-03-08,Bananas,71,1,65,Friday,No,3,None,Sunny,37.6,42.0,0.0,137,118,65,47.0
2024-03-09,Bananas,65,0,0,Saturday,Yes,3,None,Sunny,36.9,48.8,0.0,65,0,71,47.7
2024-03-10,Bananas,59,0,2,Sunday,Yes,3,None,Light Rain,40.6,34.9,9.5,61,61,65,52.6
2024-03-11,Bananas,68,0,18,Monday,No,3,None,Sunny,44.2,47.3,0.0,86,84,59,53.9
2024-03-12,Bananas,62,4,66,Tuesday,No,3,None,Cloudy,39.1,58.2,0.0,132,114,68,57.0
2024-03-13,Bananas,24,0,42,Wednesday,No,3,None,Light Rain,34.7,38.2,1.9,66,0,62,61.0
2024-03-14,Bananas,40,0,2,Thursday,No,3,None,Sunny,40.0,40.1,0.0,42,0,24,59.1
2024-03-15,Bananas,33,1,24,Friday,No,3,None,Cloudy,40.9,40.2,0.0,58,56,40,55.6
2024-03-16,Bananas,67,0,27,Saturday,Yes,3,None,Light Rain,36.5,58.1,7.6,94,70,33,50.1
2024-03-17,Bananas,67,1,44,Sunday,Yes,3,None,Sunny,41.8,54.2,0.0,112,85,67,50.4
2024-03-18,Bananas,33,0,11,Monday,No,3,None,Light Rain,39.5,56.0,8.7,44,0,67,51.6
2024-03-19,Bananas,53,4,65,Tuesday,No,3,None,Sunny,35.1,41.3,0.0,122,111,33,46.6
2024-03-20,Bananas,65,0,0,Wednesday,No,3,None,Sunny,36.2,56.9,0.0,65,0,53,45.3
2024-03-21,Bananas,43,2,42,Thursday,No,3,None,Cloudy,43.8,32.7,0.0,87,87,65,51.1
2024-03-22,Bananas,42,0,0,Friday,No,3,None,Light Rain,38.3,44.8,5.0,42,0,43,51.6
2024-03-23,Bananas,64,1,17,Saturday,Yes,3,None,Sunny,39.2,36.4,0.0,82,82,42,52.9
2024-03-24,Bananas,78,0,2,Sunday,Yes,3,None,Cloudy,33.2,44.8,0.0,80,63,64,52.4
2024-03-25,Bananas,41,1,27,Monday,No,3,None,Cloudy,41.6,46.4,0.0,69,67,78,54.0
2024-03-26,Bananas,46,1,36,Tuesday,No,3,None,Sunny,42.9,56.0,0.0,83,56,41,55.1
2024-03-27,Bananas,36,0,0,Wednesday,No,3,None,Sunny,37.2,56.8,0.0,36,0,46,54.1
2024-03-28,Bananas,56,4,64,Thursday,No,3,None,Sunny,35.0,47.4,0.0,124,124,36,50.0
2024-03-29,Bananas,48,0,16,Friday,No,3,None,Light Rain,44.3,59.6,4.2,64,0,56,51.9
2024-03-30,Bananas,84,0,0,Saturday,Yes,3,None,Sunny,36.9,51.2,0.0,84,68,48,52.7
2024-03-31,Bananas,70,1,46,Sunday,Yes,3,None,Sunny,35.3,42.2,0.0,117,117,84,55.6
2024-04-01,Bananas,35,0,11,Monday,No,4,None,Sunny,33.5,49.5,0.0,46,0,70,54.4
2024-04-02,Bananas,68,0,17,Tuesday,No,4,None,Sunny,44.5,41.2,0.0,85,74,35,53.6
2024-04-03,Bananas,40,1,72,Wednesday,No,4,None,Light Rain,44.5,30.4,6.0,113,96,68,56.7
2024-04-04,Bananas,39,0,33,Thursday,No,4,None,Light Rain,44.0,57.6,6.0,72,0,40,57.3
2024-04-05,Bananas,33,0,0,Friday,No,4,None,Cloudy,34.2,36.5,0.0,33,0,39,54.9
2024-04-06,Bananas,52,2,62,Saturday,Yes,4,None,Cloudy,41.1,41.5,0.0,116,116,33,52.7
2024-04-07,Bananas,38,0,24,Sunday,Yes,4,None,Light Rain,44.4,56.7,2.0,62,0,52,48.1
2024-04-08,Bananas,52,4,58,Monday,No,4,None,Light Rain,40.4,41.6,6.3,114,90,38,43.6
2024-04-09,Bananas,53,0,5,Tuesday,No,4,None,Sunny,41.1,46.1,0.0,58,0,52,46.0
2024-04-10,Bananas,47,0,13,Wednesday,No,4,None,Cloudy,35.5,34.0,0.0,60,55,53,43.9
2024-04-11,Bananas,64,3,51,Thursday,No,4,None,Sunny,39.6,57.6,0.0,118,105,47,44.9
2024-04-12,Bananas,33,0,18,Friday,No,4,None,Sunny,32.6,30.8,0.0,51,0,64,48.4
2024-04-13,Bananas,77,3,50,Saturday,Yes,4,None,Sunny,44.8,41.3,0.0,130,112,33,48.4
2024-04-14,Bananas,50,0,0,Sunday,Yes,4,None,Sunny,42.9,55.1,0.0,50,0,77,52.0
2024-04-15,Bananas,53,0,11,Monday,No,4,None,Light Rain,32.2,32.3,8.3,64,64,50,53.7
2024-04-16,Bananas,55,1,21,Tuesday,No,4,None,Sunny,39.6,51.8,0.0,77,66,53,53.9
2024-04-17,Bananas,33,0,41,Wednesday,No,4,None,Sunny,33.7,58.6,0.0,74,53,55,54.1
2024-04-18,Bananas,41,0,0,Thursday,No,4,None,Light Rain,40.0,40.7,1.2,41,0,33,52.1
2024-04-19,Bananas,37,2,74,Friday,No,4,None,Sunny,42.8,39.2,0.0,113,113,41,48.9
2024-04-20,Bananas,67,0,7,Saturday,Yes,4,None,Cloudy,42.3,47.7,0.0,74,0,37,49.4
2024-04-21,Bananas,81,0,13,Sunday,Yes,4,None,Cloudy,40.1,51.1,0.0,94,87,67,48.0
2024-04-22,Bananas,63,2,48,Monday,No,4,None,Cloudy,39.7,41.8,0.0,113,100,81,52.4
2024-04-23,Bananas,36,0,12,Tuesday,No,4,None,Light Rain,38.7,53.5,3.7,48,0,63,53.9
2024-04-24,Bananas,53,0,25,Wednesday,No,4,None,Sunny,33.9,57.8,0.0,78,66,36,51.1
2024-04-25,Bananas,44,2,71,Thursday,No,4,None,Sunny,44.7,44.8,0.0,117,92,53,54.0
2024-04-26,Bananas,40,0,31,Friday,No,4,None,Cloudy,33.7,33.8,0.0,71,0,44,54.4
2024-04-27,Bananas,31,0,0,Saturday,Yes,4,None,Light Rain,40.3,35.5,4.7,31,0,40,54.9
2024-04-28,Bananas,68,2,40,Sunday,Yes,4,None,Sunny,40.7,35.2,0.0,110,110,31,49.7
2024-04-29,Bananas,40,0,0,Monday,No,4,None,Sunny,36.5,40.4,0.0,40,0,68,47.9
2024-04-30,Bananas,47,1,45,Tuesday,No,4,None,Sunny,38.9,40.7,0.0,93,93,40,44.6
2024-05-01,Bananas,45,0,0,Wednesday,No,5,None,Cloudy,36.2,32.8,0.0,45,0,47,46.1
2024-05-02,Bananas,60,5,75,Thursday,No,5,None,Sunny,43.4,57.6,0.0,140,140,45,45.0
2024-05-03,Bananas,40,0,35,Friday,No,5,None,Light Rain,33.1,47.9,2.9,75,0,60,47.3
2024-05-04,Bananas,35,0,0,Saturday,Yes,5,None,Sunny,41.9,45.9,0.0,35,0,40,47.3
2024-05-05,Bananas,61,0,21,Sunday,Yes,5,None,Cloudy,35.3,51.4,0.0,82,82,35,47.9
2024-05-06,Bananas,42,2,54,Monday,No,5,None,Sunny,38.9,37.3,0.0,98,77,61,46.9
2024-05-07,Bananas,54,0,0,Tuesday,No,5,None,Sunny,42.9,32.7,0.0,54,0,42,47.1
2024-05-08,Bananas,65,0,12,Wednesday,No,5,None,Cloudy,39.7,50.4,0.0,77,77,54,48.1
2024-05-09,Bananas,72,1,30,Thursday,No,5,None,Sunny,39.6,52.4,0.0,103,91,65,51.0
2024-05-10,Bananas,28,0,2,Friday,No,5,None,Light Rain,40.4,47.1,5.5,30,0,72,52.7
2024-05-11,Bananas,47,4,70,Saturday,Yes,5,None,Sunny,35.1,33.1,0.0,121,119,28,51.0
2024-05-12,Bananas,33,0,37,Sunday,Yes,5,None,Light Rain,33.1,54.2,9.1,70,0,47,52.7
2024-05-13,Bananas,35,0,2,Monday,No,5,None,Cloudy,37.3,59.5,0.0,37,0,33,48.7
2024-05-14,Bananas,34,3,65,Tuesday,No,5,None,Sunny,44.6,56.0,0.0,102,100,35,47.7
2024-05-15,Bananas,44,0,21,Wednesday,No,5,None,Light Rain,39.4,38.4,2.8,65,0,34,44.9
2024-05-16,Bananas,33,2,47,Thursday,No,5,None,Sunny,37.5,45.2,0.0,82,61,44,41.9
2024-05-17,Bananas,47,0,0,Friday,No,5,None,Cloudy,35.8,47.4,0.0,47,0,33,36.3
2024-05-18,Bananas,40,3,39,Saturday,Yes,5,None,Light Rain,39.7,41.1,2.2,82,82,47,39.0
2024-05-19,Bananas,39,0,0,Sunday,Yes,5,None,Sunny,36.2,54.3,0.0,39,0,40,38.0
2024-05-20,Bananas,64,0,30,Monday,No,5,None,Sunny,33.5,44.2,0.0,94,94,39,38.9
2024-05-21,Bananas,30,0,0,Tuesday,No,5,None,Sunny,43.1,52.4,0.0,30,0,64,43.0
2024-05-22,Bananas,30,3,61,Wednesday,No,5,None,Cloudy,44.9,36.2,0.0,94,94,30,42.4
2024-05-23,Bananas,52,0,9,Thursday,No,5,None,Light Rain,39.5,55.3,8.5,61,0,30,40.4
2024-05-24,Bananas,36,0,48,Friday,No,5,None,Sunny,34.1,34.9,0.0,84,75,52,43.1
2024-05-25,Bananas,44,0,4,Saturday,Yes,5,None,Light Rain,39.6,50.5,5.0,48,0,36,41.6
2024-05-26,Bananas,68,0,0,Sunday,Yes,5,None,Cloudy,40.1,46.2,0.0,68,64,44,42.1
2024-05-27,Bananas,75,1,36,Monday,No,5,None,Sunny,43.7,41.5,0.0,112,112,68,46.3
2024-05-28,Bananas,36,0,0,Tuesday,No,5,None,Cloudy,39.1,42.9,0.0,36,0,75,47.9
2024-05-29,Bananas,62,1,25,Wednesday,No,5,None,Cloudy,41.0,35.0,0.0,88,88,36,48.7
2024-05-30,Bananas,68,3,60,Thursday,No,5,None,Sunny,43.6,53.7,0.0,131,106,62,53.3
2024-05-31,Bananas,31,1,28,Friday,No,5,None,Light Rain,42.1,34.3,6.1,60,0,68,55.6
2024-06-01,Bananas,92,0,16,Saturday,Yes,6,None,Sunny,41.8,33.1,0.0,108,80,31,54.9
2024-06-02,Bananas,34,4,74,Sunday,Yes,6,None,Light Rain,39.9,45.1,2.3,112,96,92,61.7
2024-06-03,Bananas,65,0,9,Monday,No,6,None,Cloudy,41.4,49.2,0.0,74,0,34,56.9
2024-06-04,Bananas,35,2,59,Tuesday,No,6,None,Cloudy,35.3,40.4,0.0,96,87,65,55.4
2024-06-05,Bananas,55,0,4,Wednesday,No,6,None,Light Rain,38.0,58.4,9.2,59,0,35,55.3
2024-06-06,Bananas,27,6,88,Thursday,No,6,None,Light Rain,39.9,30.5,6.3,121,117,55,54.3
2024-06-07,Bananas,30,2,56,Friday,No,6,None,Light Rain,41.2,34.6,4.4,88,0,27,48.4
2024-06-08,Bananas,56,0,0,Saturday,Yes,6,None,Sunny,41.6,58.0,0.0,56,0,30,48.3
2024-06-09,Bananas,74,0,21,Sunday,Yes,6,None,Sunny,33.5,59.5,0.0,95,95,56,43.1
2024-06-10,Bananas,30,5,82,Monday,No,6,None,Light Rain,43.3,45.6,6.5,117,96,74,48.9
2024-06-11,Bananas,70,0,12,Tuesday,No,6,None,Sunny,34.7,53.6,0.0,82,0,30,43.9
2024-06-12,Bananas,51,0,17,Wednesday,No,6,None,Sunny,39.0,57.6,0.0,68,56,70,48.9
2024-06-13,Bananas,53,3,61,Thursday,No,6,None,Cloudy,43.9,47.6,0.0,117,100,51,48.3
2024-06-14,Bananas,61,0,0,Friday,No,6,None,Sunny,34.2,31.0,0.0,61,0,53,52.0
2024-06-15,Bananas,51,4,53,Saturday,Yes,6,None,Sunny,40.2,30.4,0.0,108,108,61,56.4
2024-06-16,Bananas,53,0,0,Sunday,Yes,6,None,Sunny,38.0,46.7,0.0,53,0,51,55.7
2024-06-17,Bananas,38,0,108,Monday,No,6,None,Light Rain,34.4,39.0,1.6,146,146,53,52.7
2024-06-18,Bananas,64,2,42,Tuesday,No,6,None,Sunny,38.1,48.7,0.0,108,0,38,53.9
2024-06-19,Bananas,31,0,11,Wednesday,No,6,None,Cloudy,39.6,38.8,0.0,42,0,64,53.0
2024-06-20,Bananas,33,3,87,Thursday,No,6,None,Cloudy,38.3,44.9,0.0,123,112,31,50.1
2024-06-21,Bananas,38,2,47,Friday,No,6,None,Light Rain,43.2,58.4,3.5,87,0,33,47.3
2024-06-22,Bananas,37,0,10,Saturday,Yes,6,None,Light Rain,37.3,30.8,8.6,47,0,38,44.0
2024-06-23,Bananas,68,0,45,Sunday,Yes,6,None,Light Rain,32.4,36.7,2.8,113,103,37,42.0
2024-06-24,Bananas,45,0,0,Monday,No,6,None,Sunny,40.5,37.1,0.0,45,0,68,44.1
2024-06-25,Bananas,33,3,39,Tuesday,No,6,None,Cloudy,41.4,55.7,0.0,75,75,45,45.1
2024-06-26,Bananas,39,0,0,Wednesday,No,6,None,Cloudy,33.8,42.2,0.0,39,0,33,40.7
2024-06-27,Bananas,65,0,13,Thursday,No,6,None,Cloudy,33.1,36.2,0.0,78,78,39,41.9
2024-06-28,Bananas,44,1,37,Friday,No,6,None,Sunny,41.2,57.3,0.0,82,69,65,46.4
2024-06-29,Bananas,37,0,0,Saturday,Yes,6,None,Light Rain,36.9,47.7,8.5,37,0,44,47.3
2024-06-30,Bananas,55,2,88,Sunday,Yes,6,None,Light Rain,39.2,43.1,3.0,145,145,37,47.3
2024-07-01,Bananas,61,1,26,Monday,No,7,None,Cloudy,32.0,94.6,0.0,88,0,55,45.4
2024-07-02,Bananas,59,0,82,Tuesday,No,7,None,Sunny,28.2,76.7,0.0,141,115,61,47.7
2024-07-03,Bananas,60,1,21,Wednesday,No,7,None,Sunny,29.0,90.9,0.0,82,0,59,51.4
2024-07-04,Bananas,47,0,93,Thursday,No,7,None,Cloudy,29.2,76.8,0.0,140,119,60,54.4
2024-07-05,Bananas,43,2,48,Friday,No,7,None,Light Rain,33.7,82.5,13.3,93,0,47,51.9
2024-07-06,Bananas,48,0,0,Saturday,Yes,7,None,Light Rain,33.0,72.7,7.1,48,0,43,51.7
2024-07-07,Bananas,29,3,37,Sunday,Yes,7,None,Heavy Rain,32.2,85.0,59.5,69,69,48,53.3
2024-07-08,Bananas,34,0,3,Monday,No,7,None,Sunny,30.7,83.0,0.0,37,0,29,49.6
2024-07-09,Bananas,63,0,15,Tuesday,No,7,None,Sunny,33.2,72.1,0.0,78,75,34,45.7
2024-07-10,Bananas,31,3,84,Wednesday,No,7,None,Heavy Rain,30.0,78.9,77.7,118,103,63,46.3
2024-07-11,Bananas,68,0,16,Thursday,No,7,None,Sunny,34.7,73.4,0.0,84,0,31,42.1
2024-07-12,Bananas,69,0,58,Friday,No,7,None,Sunny,31.8,74.1,0.0,127,111,68,45.1
2024-07-13,Bananas,58,0,0,Saturday,Yes,7,None,Sunny,31.3,78.6,0.0,58,0,69,48.9
2024-07-14,Bananas,42,0,20,Sunday,Yes,7,None,Heavy Rain,32.9,85.0,39.7,62,62,58,50.3
2024-07-15,Bananas,72,0,16,Monday,No,7,None,Sunny,34.8,70.1,0.0,88,68,42,52.1
2024-07-16,Bananas,32,0,80,Tuesday,No,7,None,Light Rain,34.4,73.4,15.4,112,96,72,57.6
2024-07-17,Bananas,33,5,42,Wednesday,No,7,None,Heavy Rain,34.1,88.3,80.7,80,0,32,53.1
2024-07-18,Bananas,27,0,15,Thursday,No,7,None,Heavy Rain,33.9,76.2,71.7,42,0,33,53.4
2024-07-19,Bananas,57,0,24,Friday,No,7,None,Sunny,32.7,71.1,0.0,81,66,27,47.6
2024-07-20,Bananas,49,0,31,Saturday,Yes,7,None,Cloudy,31.3,77.8,0.0,80,56,57,45.9
2024-07-21,Bananas,31,0,0,Sunday,Yes,7,None,Heavy Rain,28.8,80.5,57.9,31,0,49,44.6
2024-07-22,Bananas,43,2,31,Monday,No,7,None,Cloudy,31.2,83.1,0.0,76,76,31,43.0
2024-07-23,Bananas,31,0,0,Tuesday,No,7,None,Light Rain,29.6,73.0,18.3,31,0,43,38.9
2024-07-24,Bananas,63,0,0,Wednesday,No,7,None,Sunny,30.8,84.3,0.0,63,63,31,38.7
2024-07-25,Bananas,32,11,82,Thursday,No,7,None,Heavy Rain,33.2,83.0,69.3,125,125,63,43.0
2024-07-26,Bananas,30,6,46,Friday,No,7,None,Heavy Rain,28.1,91.9,50.7,82,0,32,43.7
2024-07-27,Bananas,46,0,0,Saturday,Yes,7,None,Light Rain,35.0,78.8,6.3,46,0,30,39.9
2024-07-28,Bananas,22,13,108,Sunday,Yes,7,None,Heavy Rain,34.9,89.2,46.9,143,143,46,39.4
2024-07-29,Bananas,64,3,41,Monday,No,7,None,Sunny,28.0,81.7,0.0,108,0,22,38.1
2024-07-30,Bananas,33,0,8,Tuesday,No,7,None,Sunny,33.0,84.7,0.0,41,0,64,41.1
2024-07-31,Bananas,33,1,35,Wednesday,No,7,None,Heavy Rain,28.3,72.7,74.4,69,61,33,41.4
2024-08-01,Bananas,35,0,0,Thursday,No,8,None,Sunny,28.6,80.4,0.0,35,0,33,37.1
2024-08-02,Bananas,40,0,23,Friday,No,8,None,Sunny,32.3,74.2,0.0,63,63,35,37.6
2024-08-03,Bananas,35,4,90,Saturday,Yes,8,None,Heavy Rain,32.5,85.2,29.6,129,106,40,39.0
2024-08-04,Bananas,33,7,50,Sunday,Yes,8,None,Heavy Rain,34.7,90.7,24.6,90,0,35,37.4
2024-08-05,Bananas,32,2,16,Monday,No,8,None,Heavy Rain,34.5,94.9,40.8,50,0,33,39.0
2024-08-06,Bananas,59,0,19,Tuesday,No,8,None,Sunny,32.9,73.8,0.0,78,62,32,34.4
2024-08-07,Bananas,19,1,77,Wednesday,No,8,None,Heavy Rain,32.1,72.3,51.3,97,78,59,38.1
2024-08-08,Bananas,69,0,8,Thursday,No,8,None,Cloudy,34.0,70.9,0.0,77,0,19,36.1
2024-08-09,Bananas,40,0,55,Friday,No,8,None,Sunny,33.1,77.0,0.0,95,87,69,41.0
2024-08-10,Bananas,27,3,25,Saturday,Yes,8,None,Heavy Rain,28.3,83.3,37.6,55,0,40,41.0
2024-08-11,Bananas,20,3,109,Sunday,Yes,8,None,Heavy Rain,34.9,71.5,58.4,132,107,27,39.9
2024-08-12,Bananas,26,9,74,Monday,No,8,None,Heavy Rain,32.7,84.1,78.7,109,0,20,38.0
2024-08-13,Bananas,42,2,30,Tuesday,No,8,None,Cloudy,32.6,91.3,0.0,74,0,26,37.1
2024-08-14,Bananas,30,0,0,Wednesday,No,8,None,Cloudy,32.9,87.0,0.0,30,0,42,34.7
2024-08-15,Bananas,41,1,48,Thursday,No,8,None,Light Rain,29.1,92.0,12.0,90,90,30,36.3
2024-08-16,Bananas,48,0,0,Friday,No,8,None,Cloudy,33.7,75.7,0.0,48,0,41,32.3
2024-08-17,Bananas,44,2,52,Saturday,Yes,8,None,Sunny,31.9,88.9,0.0,98,98,48,33.4
2024-08-18,Bananas,40,1,11,Sunday,Yes,8,None,Heavy Rain,32.3,94.5,29.3,52,0,44,35.9
2024-08-19,Bananas,45,5,73,Monday,No,8,None,Light Rain,31.8,89.5,9.3,123,112,40,38.7
2024-08-20,Bananas,53,0,20,Tuesday,No,8,None,Sunny,34.5,72.6,0.0,73,0,45,41.4
2024-08-21,Bananas,19,2,65,Wednesday,No,8,None,Heavy Rain,28.5,77.5,81.7,86,66,53,43.0
2024-08-22,Bananas,46,0,19,Thursday,No,8,None,Light Rain,28.4,71.9,18.1,65,0,19,41.4
2024-08-23,Bananas,63,0,12,Friday,No,8,None,Sunny,32.5,84.9,0.0,75,56,46,42.1
2024-08-24,Bananas,67,2,50,Saturday,Yes,8,None,Cloudy,30.3,82.2,0.0,119,107,63,44.3
2024-08-25,Bananas,44,0,6,Sunday,Yes,8,None,Heavy Rain,29.9,94.9,28.2,50,0,67,47.6
2024-08-26,Bananas,47,0,10,Monday,No,8,None,Sunny,33.8,77.5,0.0,57,51,44,48.1
2024-08-27,Bananas,36,3,41,Tuesday,No,8,None,Light Rain,28.9,91.7,7.3,80,70,47,48.4
2024-08-28,Bananas,15,1,25,Wednesday,No,8,None,Heavy Rain,34.8,89.0,98.7,41,0,36,46.0
2024-08-29,Bananas,54,6,78,Thursday,No,8,None,Cloudy,33.1,88.6,0.0,138,113,15,45.4
2024-08-30,Bananas,37,1,40,Friday,No,8,None,Cloudy,31.9,81.8,0.0,78,0,54,46.6
2024-08-31,Bananas,40,0,0,Saturday,Yes,8,None,Sunny,29.4,72.3,0.0,40,0,37,42.9
2024-09-01,Bananas,34,4,74,Sunday,Yes,9,None,Heavy Rain,31.7,70.4,30.5,112,112,40,39.0
2024-09-02,Bananas,18,3,53,Monday,No,9,None,Heavy Rain,32.3,89.9,20.1,74,0,34,37.6
2024-09-03,Bananas,40,0,13,Tuesday,No,9,None,Light Rain,32.8,80.8,8.4,53,0,18,33.4
2024-09-04,Bananas,42,3,81,Wednesday,No,9,None,Cloudy,29.9,89.9,0.0,126,113,40,34.0
2024-09-05,Bananas,48,2,31,Thursday,No,9,None,Light Rain,31.3,87.0,12.2,81,0,42,37.9
2024-09-06,Bananas,31,0,0,Friday,No,9,None,Sunny,32.6,88.9,0.0,31,0,48,37.0
2024-09-07,Bananas,39,3,63,Saturday,Yes,9,None,Heavy Rain,33.1,88.7,39.4,105,105,31,36.1
2024-09-08,Bananas,39,1,23,Sunday,Yes,9,None,Heavy Rain,31.4,75.3,64.8,63,0,39,36.0
2024-09-09,Bananas,21,4,80,Monday,No,9,None,Heavy Rain,28.5,83.4,48.1,105,82,39,36.7
2024-09-10,Bananas,55,0,25,Tuesday,No,9,None,Cloudy,30.8,73.3,0.0,80,0,21,37.1
2024-09-11,Bananas,69,0,49,Wednesday,No,9,None,Cloudy,33.6,75.0,0.0,118,93,55,39.3
2024-09-12,Bananas,48,0,1,Thursday,No,9,None,Light Rain,32.9,70.8,14.2,49,0,69,43.1
2024-09-13,Bananas,28,5,79,Friday,No,9,None,Light Rain,33.0,91.8,14.4,112,111,48,43.1
2024-09-14,Bananas,33,1,45,Saturday,Yes,9,None,Light Rain,31.9,84.9,11.8,79,0,28,42.7
2024-09-15,Bananas,45,0,0,Sunday,Yes,9,None,Light Rain,29.1,81.0,5.9,45,0,33,41.9
2024-09-16,Bananas,65,3,46,Monday,No,9,None,Cloudy,31.4,85.4,0.0,114,114,45,42.7
2024-09-17,Bananas,46,0,0,Tuesday,No,9,None,Sunny,34.1,80.8,0.0,46,0,65,49.0
2024-09-18,Bananas,35,0,83,Wednesday,No,9,None,Sunny,32.6,78.3,0.0,118,118,46,47.7
2024-09-19,Bananas,49,0,34,Thursday,No,9,None,Light Rain,30.8,75.5,5.5,83,0,35,42.9
2024-09-20,Bananas,34,0,0,Friday,No,9,None,Light Rain,29.2,94.0,16.1,34,0,49,43.0
2024-09-21,Bananas,83,0,0,Saturday,Yes,9,None,Sunny,33.1,89.2,0.0,83,83,34,43.9
2024-09-22,Bananas,62,0,63,Sunday,Yes,9,None,Sunny,28.2,79.9,0.0,125,125,83,51.0
2024-09-23,Bananas,41,0,22,Monday,No,9,None,Cloudy,31.0,76.9,0.0,63,0,62,53.4
2024-09-24,Bananas,32,5,42,Tuesday,No,9,None,Heavy Rain,31.3,90.9,30.5,79,57,41,50.0
2024-09-25,Bananas,42,0,0,Wednesday,No,9,None,Light Rain,29.3,75.9,12.7,42,0,32,48.0
2024-09-26,Bananas,73,0,0,Thursday,No,9,None,Sunny,31.4,76.2,0.0,73,73,42,49.0
2024-09-27,Bananas,57,0,91,Friday,No,9,None,Cloudy,32.2,74.1,0.0,148,148,73,52.4
2024-09-28,Bananas,58,0,33,Saturday,Yes,9,None,Sunny,32.6,78.1,0.0,91,0,57,55.7
2024-09-29,Bananas,33,0,0,Sunday,Yes,9,None,Cloudy,34.8,81.3,0.0,33,0,58,52.1
2024-09-30,Bananas,27,1,32,Monday,No,9,None,Light Rain,29.2,83.0,15.0,60,60,33,48.0
2024-10-01,Bananas,32,0,0,Tuesday,No,10,Navratri,Sunny,24.3,57.7,0.0,32,0,27,46.0
2024-10-02,Bananas,49,0,71,Wednesday,No,10,None,Cloudy,23.0,59.5,0.0,120,120,32,46.0
2024-10-03,Bananas,71,0,0,Thursday,No,10,Navratri,Sunny,15.9,53.3,0.0,71,0,49,47.0
2024-10-04,Bananas,53,0,18,Friday,No,10,None,Sunny,29.0,47.9,0.0,71,71,71,46.7
2024-10-05,Bananas,96,0,0,Saturday,Yes,10,None,Sunny,29.5,40.1,0.0,96,78,53,46.1
2024-10-06,Bananas,104,0,0,Sunday,Yes,10,Navratri,Sunny,22.7,52.2,0.0,104,104,96,51.6
2024-10-07,Bananas,67,0,0,Monday,No,10,Navratri,Sunny,26.0,44.1,0.0,67,67,104,61.7
2024-10-08,Bananas,42,0,107,Tuesday,No,10,None,Sunny,28.0,44.4,0.0,149,149,67,67.4
2024-10-09,Bananas,41,0,66,Wednesday,No,10,None,Cloudy,18.7,60.8,0.0,107,0,42,68.9
2024-10-10,Bananas,66,0,0,Thursday,No,10,Navratri,Sunny,26.9,63.0,0.0,66,0,41,67.7
2024-10-11,Bananas,38,0,85,Friday,No,10,None,Sunny,25.0,54.4,0.0,123,123,66,67.0
2024-10-12,Bananas,60,0,25,Saturday,Yes,10,None,Sunny,28.0,64.8,0.0,85,0,38,64.9
2024-10-13,Bananas,50,0,43,Sunday,Yes,10,None,Sunny,16.6,56.3,0.0,93,68,60,59.7
2024-10-14,Bananas,43,0,0,Monday,No,10,None,Sunny,28.2,47.9,0.0,43,0,50,52.0
2024-10-15,Bananas,48,0,82,Tuesday,No,10,None,Sunny,24.7,48.2,0.0,130,130,43,48.6
2024-10-16,Bananas,70,0,12,Wednesday,No,10,None,Sunny,20.8,51.2,0.0,82,0,48,49.4
2024-10-17,Bananas,41,0,86,Thursday,No,10,None,Sunny,16.1,55.1,0.0,127,115,70,53.6
2024-10-18,Bananas,63,0,23,Friday,No,10,None,Sunny,28.0,53.0,0.0,86,0,41,50.0
2024-10-19,Bananas,87,0,0,Saturday,Yes,10,Navratri,Sunny,20.7,50.0,0.0,87,64,63,53.6
2024-10-20,Bananas,62,0,77,Sunday,Yes,10,None,Sunny,25.8,63.9,0.0,139,139,87,57.4
2024-10-21,Bananas,52,0,25,Monday,No,10,None,Sunny,28.9,41.5,0.0,77,0,62,59.1
2024-10-22,Bananas,70,0,32,Tuesday,No,10,None,Sunny,22.3,46.4,0.0,102,77,52,60.4
2024-10-23,Bananas,32,0,0,Wednesday,No,10,Navratri,Sunny,16.3,57.9,0.0,32,0,70,63.6
2024-10-24,Bananas,39,0,51,Thursday,No,10,None,Sunny,22.8,43.1,0.0,90,90,32,58.1
2024-10-25,Bananas,33,0,18,Friday,No,10,None,Sunny,26.9,44.6,0.0,51,0,39,57.9
2024-10-26,Bananas,72,0,16,Saturday,Yes,10,None,Sunny,22.9,42.8,0.0,88,70,33,53.6
2024-10-27,Bananas,52,0,55,Sunday,Yes,10,None,Sunny,26.9,56.2,0.0,107,91,72,51.4
2024-10-28,Bananas,55,0,0,Monday,No,10,None,Sunny,23.3,46.4,0.0,55,0,52,50.0
2024-10-29,Bananas,70,0,58,Tuesday,No,10,None,Sunny,25.0,42.4,0.0,128,128,55,50.4
2024-10-30,Bananas,58,0,0,Wednesday,No,10,Navratri,Sunny,22.1,53.4,0.0,58,0,70,50.4
2024-10-31,Bananas,59,0,57,Thursday,No,10,None,Sunny,18.1,55.9,0.0,116,116,58,54.1
2024-11-01,Bananas,57,0,0,Friday,No,11,None,Cloudy,17.0,57.4,0.0,57,0,59,57.0
2024-11-02,Bananas,149,0,0,Saturday,Yes,11,Diwali,Sunny,15.2,48.5,0.0,149,149,57,60.4
2024-11-03,Bananas,54,0,8,Sunday,Yes,11,None,Sunny,19.1,42.0,0.0,62,62,149,71.4
2024-11-04,Bananas,37,0,22,Monday,No,11,None,Sunny,18.4,48.9,0.0,59,51,54,71.7
2024-11-05,Bananas,35,0,80,Tuesday,No,11,None,Sunny,24.6,46.8,0.0,115,93,37,69.1
2024-11-06,Bananas,69,0,11,Wednesday,No,11,None,Sunny,15.8,49.5,0.0,80,0,35,64.1
2024-11-07,Bananas,49,0,42,Thursday,No,11,None,Sunny,20.0,54.5,0.0,91,80,69,65.7
2024-11-08,Bananas,40,0,2,Friday,No,11,None,Sunny,21.3,60.5,0.0,42,0,49,64.3
2024-11-09,Bananas,56,0,0,Saturday,Yes,11,Diwali,Cloudy,28.9,45.9,0.0,56,54,40,61.9
2024-11-10,Bananas,81,0,0,Sunday,Yes,11,Diwali,Sunny,23.1,61.1,0.0,81,81,56,48.6
2024-11-11,Bananas,73,0,0,Monday,No,11,Diwali,Sunny,28.0,55.2,0.0,73,73,81,52.4
2024-11-12,Bananas,33,0,99,Tuesday,No,11,None,Sunny,18.9,49.0,0.0,132,132,73,57.6
2024-11-13,Bananas,70,0,29,Wednesday,No,11,None,Sunny,21.0,51.2,0.0,99,0,33,57.3
2024-11-14,Bananas,73,0,54,Thursday,No,11,None,Sunny,23.6,54.2,0.0,127,98,70,57.4
2024-11-15,Bananas,35,0,19,Friday,No,11,None,Sunny,20.7,61.9,0.0,54,0,73,60.9
2024-11-16,Bananas,70,0,0,Saturday,Yes,11,Diwali,Sunny,19.6,42.0,0.0,70,51,35,60.1
2024-11-17,Bananas,88,0,25,Sunday,Yes,11,None,Sunny,29.6,56.0,0.0,113,113,70,62.1
2024-11-18,Bananas,35,1,90,Monday,No,11,None,Sunny,22.3,55.2,0.0,126,101,88,63.1
2024-11-19,Bananas,90,0,0,Tuesday,No,11,Diwali,Sunny,27.4,56.7,0.0,90,0,35,57.7
2024-11-20,Bananas,51,0,28,Wednesday,No,11,None,Sunny,18.5,42.0,0.0,79,79,90,65.9
2024-11-21,Bananas,52,0,85,Thursday,No,11,None,Cloudy,27.8,40.0,0.0,137,109,51,63.1
2024-11-22,Bananas,44,0,41,Friday,No,11,None,Sunny,15.9,59.5,0.0,85,0,52,60.1
2024-11-23,Bananas,41,0,0,Saturday,Yes,11,None,Cloudy,24.3,47.4,0.0,41,0,44,61.4
2024-11-24,Bananas,42,0,21,Sunday,Yes,11,None,Cloudy,26.7,46.6,0.0,63,63,41,57.3
2024-11-25,Bananas,74,0,34,Monday,No,11,None,Sunny,27.2,55.4,0.0,108,87,42,50.7
2024-11-26,Bananas,34,0,0,Tuesday,No,11,None,Sunny,26.9,50.1,0.0,34,0,74,56.3
2024-11-27,Bananas,34,0,80,Wednesday,No,11,None,Sunny,27.4,58.3,0.0,114,114,34,48.3
2024-11-28,Bananas,74,0,6,Thursday,No,11,None,Sunny,21.3,59.8,0.0,80,0,34,45.9
2024-11-29,Bananas,67,0,33,Friday,No,11,None,Sunny,19.9,60.9,0.0,100,94,74,49.0
2024-11-30,Bananas,33,0,0,Saturday,Yes,11,None,Cloudy,16.6,53.7,0.0,33,0,67,52.3
2024-12-01,Bananas,82,0,29,Sunday,Yes,12,None,Sunny,28.0,46.1,0.0,111,111,33,51.1
2024-12-02,Bananas,50,1,91,Monday,No,12,None,Sunny,26.8,62.3,0.0,142,113,82,56.9
2024-12-03,Bananas,68,0,23,Tuesday,No,12,None,Sunny,29.1,60.2,0.0,91,0,50,53.4
2024-12-04,Bananas,44,0,56,Wednesday,No,12,None,Sunny,15.6,62.5,0.0,100,77,68,58.3
2024-12-05,Bananas,48,0,8,Thursday,No,12,None,Sunny,20.8,51.3,0.0,56,0,44,59.7
2024-12-06,Bananas,33,0,56,Friday,No,12,None,Sunny,21.8,62.1,0.0,89,81,48,56.0
2024-12-07,Bananas,39,0,17,Saturday,Yes,12,None,Cloudy,15.7,41.0,0.0,56,0,33,51.1
2024-12-08,Bananas,71,0,15,Sunday,Yes,12,None,Sunny,16.1,40.3,0.0,86,69,39,52.0
2024-12-09,Bananas,57,0,14,Monday,No,12,None,Cloudy,21.9,64.8,0.0,71,56,71,50.4
2024-12-10,Bananas,42,0,29,Tuesday,No,12,None,Sunny,21.2,53.7,0.0,71,57,57,51.4
2024-12-11,Bananas,69,0,17,Wednesday,No,12,None,Cloudy,16.2,64.2,0.0,86,57,42,47.7
2024-12-12,Bananas,36,0,66,Thursday,No,12,None,Sunny,20.7,45.1,0.0,102,85,69,51.3
2024-12-13,Bananas,42,0,24,Friday,No,12,None,Sunny,24.7,53.3,0.0,66,0,36,49.6
2024-12-14,Bananas,86,0,0,Saturday,Yes,12,None,Sunny,19.4,64.5,0.0,86,62,42,50.9
2024-12-15,Bananas,57,0,12,Sunday,Yes,12,None,Cloudy,27.2,56.4,0.0,69,69,86,57.6
2024-12-16,Bananas,59,0,24,Monday,No,12,None,Cloudy,24.0,42.4,0.0,83,71,57,55.6
2024-12-17,Bananas,70,0,24,Tuesday,No,12,None,Sunny,25.1,52.4,0.0,94,70,59,55.9
2024-12-18,Bananas,51,0,69,Wednesday,No,12,None,Sunny,19.8,62.0,0.0,120,96,70,59.9
2024-12-19,Bananas,69,0,0,Thursday,No,12,None,Sunny,18.3,64.5,0.0,69,0,51,57.3
2024-12-20,Bananas,59,0,22,Friday,No,12,None,Sunny,17.7,41.3,0.0,81,81,69,62.0
2024-12-21,Bananas,80,0,43,Saturday,Yes,12,None,Sunny,15.6,44.1,0.0,123,101,59,64.4
2024-12-22,Bananas,43,0,0,Sunday,Yes,12,None,Sunny,22.3,43.8,0.0,43,0,80,63.6
2024-12-23,Bananas,52,0,26,Monday,No,12,None,Cloudy,23.9,52.7,0.0,78,78,43,61.6
2024-12-24,Bananas,49,0,34,Tuesday,No,12,None,Sunny,28.1,55.9,0.0,83,57,52,60.6
2024-12-25,Bananas,34,0,0,Wednesday,No,12,None,Cloudy,26.1,62.0,0.0,34,0,49,57.6
2024-12-26,Bananas,74,0,31,Thursday,No,12,None,Sunny,24.9,47.8,0.0,105,105,34,55.1
2024-12-27,Bananas,31,0,0,Friday,No,12,None,Sunny,25.3,49.4,0.0,31,0,74,55.9
2024-12-28,Bananas,61,0,76,Saturday,Yes,12,None,Sunny,26.4,40.9,0.0,137,137,31,51.9
2024-12-29,Bananas,76,0,0,Sunday,Yes,12,None,Cloudy,26.4,57.0,0.0,76,0,61,49.1
2024-12-30,Bananas,49,0,14,Monday,No,12,None,Cloudy,28.1,64.9,0.0,63,63,76,53.9
2024-04-01,Mangoes,75,0,69,Monday,No,4,None,Sunny,34.8,34.1,0.0,144,144,75,75.0
2024-04-02,Mangoes,39,0,30,Tuesday,No,4,None,Light Rain,32.4,35.0,8.1,69,0,75,75.0
2024-04-03,Mangoes,30,0,0,Wednesday,No,4,None,Cloudy,43.4,45.3,0.0,30,0,39,57.0
2024-04-04,Mangoes,47,0,46,Thursday,No,4,None,Light Rain,34.9,51.1,6.4,93,93,30,48.0
2024-04-05,Mangoes,46,0,0,Friday,No,4,None,Sunny,35.5,54.8,0.0,46,0,47,47.8
2024-04-06,Mangoes,90,0,0,Saturday,Yes,4,None,Sunny,36.3,53.5,0.0,90,90,46,47.4
2024-04-07,Mangoes,80,1,33,Sunday,Yes,4,None,Cloudy,37.7,34.4,0.0,114,114,90,54.5
2024-04-08,Mangoes,33,0,0,Monday,No,4,None,Cloudy,34.9,47.9,0.0,33,0,80,58.1
2024-04-09,Mangoes,53,0,10,Tuesday,No,4,None,Sunny,35.9,35.2,0.0,63,63,33,52.1
2024-04-10,Mangoes,60,0,8,Wednesday,No,4,None,Sunny,33.5,42.3,0.0,68,58,53,54.1
2024-04-11,Mangoes,46,0,14,Thursday,No,4,None,Sunny,34.4,40.9,0.0,60,52,60,58.4
2024-04-12,Mangoes,52,2,60,Friday,No,4,None,Sunny,39.6,47.6,0.0,114,100,46,58.3
2024-04-13,Mangoes,60,0,0,Saturday,Yes,4,None,Sunny,37.6,56.2,0.0,60,0,52,59.1
2024-04-14,Mangoes,63,0,0,Sunday,Yes,4,None,Light Rain,37.7,58.1,2.2,63,63,60,54.9
2024-04-15,Mangoes,48,4,61,Monday,No,4,None,Light Rain,43.8,53.4,7.9,113,113,63,52.4
2024-04-16,Mangoes,47,0,14,Tuesday,No,4,None,Light Rain,38.1,30.4,1.5,61,0,48,54.6
2024-04-17,Mangoes,49,1,23,Wednesday,No,4,None,Sunny,35.6,38.3,0.0,73,59,47,53.7
2024-04-18,Mangoes,41,3,72,Thursday,No,4,None,Sunny,37.6,55.3,0.0,116,93,49,52.1
2024-04-19,Mangoes,55,0,17,Friday,No,4,None,Sunny,32.4,31.9,0.0,72,0,41,51.4
2024-04-20,Mangoes,61,1,19,Saturday,Yes,4,None,Cloudy,37.3,40.4,0.0,81,64,55,51.9
2024-04-21,Mangoes,57,2,51,Sunday,Yes,4,None,Light Rain,39.1,33.8,9.4,110,91,61,52.0
2024-04-22,Mangoes,51,0,0,Monday,No,4,None,Sunny,35.4,51.9,0.0,51,0,57,51.1
2024-04-23,Mangoes,40,5,103,Tuesday,No,4,None,Light Rain,40.5,35.9,4.0,148,148,51,51.6
2024-04-24,Mangoes,36,3,64,Wednesday,No,4,None,Sunny,36.5,33.4,0.0,103,0,40,50.6
2024-04-25,Mangoes,50,0,14,Thursday,No,4,None,Sunny,33.2,50.5,0.0,64,0,36,48.7
2024-04-26,Mangoes,68,0,36,Friday,No,4,None,Cloudy,35.0,42.1,0.0,104,90,50,50.0
2024-04-27,Mangoes,36,0,0,Saturday,Yes,4,None,Sunny,39.1,32.5,0.0,36,0,68,51.9
2024-04-28,Mangoes,65,0,68,Sunday,Yes,4,None,Light Rain,34.2,58.4,2.9,133,133,36,48.3
2024-04-29,Mangoes,55,0,13,Monday,No,4,None,Light Rain,38.0,52.5,1.6,68,0,65,49.4
2024-04-30,Mangoes,61,2,62,Tuesday,No,4,None,Cloudy,36.6,59.3,0.0,125,112,55,50.0
2024-05-01,Mangoes,56,0,6,Wednesday,No,5,None,Sunny,34.1,39.9,0.0,62,0,61,53.0
2024-05-02,Mangoes,55,0,27,Thursday,No,5,None,Light Rain,33.6,49.8,8.8,82,76,56,55.9
2024-05-03,Mangoes,40,1,38,Friday,No,5,None,Sunny,42.0,30.8,0.0,79,52,55,56.6
2024-05-04,Mangoes,38,0,0,Saturday,Yes,5,None,Cloudy,37.1,54.0,0.0,38,0,40,52.6
2024-05-05,Mangoes,53,0,17,Sunday,Yes,5,None,Cloudy,36.9,53.3,0.0,70,70,38,52.9
2024-05-06,Mangoes,30,4,87,Monday,No,5,None,Light Rain,35.7,53.8,3.5,121,104,53,51.1
2024-05-07,Mangoes,53,1,33,Tuesday,No,5,None,Sunny,43.9,46.0,0.0,87,0,30,47.6
2024-05-08,Mangoes,33,0,0,Wednesday,No,5,None,Sunny,34.2,48.4,0.0,33,0,53,46.4
2024-05-09,Mangoes,52,0,15,Thursday,No,5,None,Light Rain,34.2,45.2,2.8,67,67,33,43.1
2024-05-10,Mangoes,52,5,77,Friday,No,5,None,Sunny,42.7,39.4,0.0,134,119,52,42.7
2024-05-11,Mangoes,52,1,24,Saturday,Yes,5,None,Light Rain,42.4,45.2,9.9,77,0,52,44.4
2024-05-12,Mangoes,80,3,49,Sunday,Yes,5,None,Sunny,36.2,59.9,0.0,132,108,52,46.4
2024-05-13,Mangoes,27,0,22,Monday,No,5,None,Light Rain,33.2,30.9,9.0,49,0,80,50.3
2024-05-14,Mangoes,38,5,78,Tuesday,No,5,None,Sunny,36.4,38.9,0.0,121,99,27,49.9
2024-05-15,Mangoes,38,1,39,Wednesday,No,5,None,Cloudy,36.1,44.1,0.0,78,0,38,47.7
2024-05-16,Mangoes,39,0,0,Thursday,No,5,None,Light Rain,38.4,54.8,5.7,39,0,38,48.4
2024-05-17,Mangoes,63,0,48,Friday,No,5,None,Cloudy,33.1,51.6,0.0,111,111,39,46.6
2024-05-18,Mangoes,48,0,0,Saturday,Yes,5,None,Sunny,37.9,52.5,0.0,48,0,63,48.1
2024-05-19,Mangoes,72,0,2,Sunday,Yes,5,None,Cloudy,36.6,55.2,0.0,74,74,48,47.6
2024-05-20,Mangoes,62,0,29,Monday,No,5,None,Sunny,33.6,50.3,0.0,91,89,72,46.4
2024-05-21,Mangoes,35,1,105,Tuesday,No,5,None,Sunny,34.2,49.7,0.0,141,112,62,51.4
2024-05-22,Mangoes,50,1,54,Wednesday,No,5,None,Cloudy,38.7,39.2,0.0,105,0,35,51.0
2024-05-23,Mangoes,54,0,0,Thursday,No,5,None,Sunny,36.0,49.6,0.0,54,0,50,52.7
2024-05-24,Mangoes,51,5,82,Friday,No,5,None,Sunny,42.0,53.7,0.0,138,138,54,54.9
2024-05-25,Mangoes,72,0,10,Saturday,Yes,5,None,Cloudy,43.4,30.0,0.0,82,0,51,53.1
2024-05-26,Mangoes,91,1,29,Sunday,Yes,5,None,Sunny,36.9,36.8,0.0,121,111,72,56.6
2024-05-27,Mangoes,75,1,27,Monday,No,5,None,Sunny,42.4,44.4,0.0,103,74,91,59.3
2024-05-28,Mangoes,25,6,96,Tuesday,No,5,None,Light Rain,43.9,38.4,7.4,127,100,75,61.1
2024-05-29,Mangoes,43,3,50,Wednesday,No,5,None,Cloudy,42.5,30.5,0.0,96,0,25,59.7
2024-05-30,Mangoes,34,0,16,Thursday,No,5,None,Light Rain,36.0,54.9,6.7,50,0,43,58.7
2024-05-31,Mangoes,41,0,54,Friday,No,5,None,Sunny,33.6,32.1,0.0,95,79,34,55.9
2024-06-01,Mangoes,54,0,0,Saturday,Yes,6,None,Cloudy,38.1,39.0,0.0,54,0,41,54.4
2024-06-02,Mangoes,74,3,50,Sunday,Yes,6,None,Cloudy,41.5,48.0,0.0,127,127,54,51.9
2024-06-03,Mangoes,49,0,1,Monday,No,6,None,Sunny,40.7,47.8,0.0,50,0,74,49.4
2024-06-04,Mangoes,50,0,11,Tuesday,No,6,None,Cloudy,42.3,31.0,0.0,61,60,49,45.7
2024-06-05,Mangoes,62,0,42,Wednesday,No,6,None,Cloudy,32.8,54.9,0.0,104,93,50,49.3
2024-06-06,Mangoes,42,0,0,Thursday,No,6,None,Cloudy,38.8,31.0,0.0,42,0,62,52.0
2024-06-07,Mangoes,69,1,36,Friday,No,6,None,Cloudy,44.4,30.8,0.0,106,106,42,53.1
2024-06-08,Mangoes,36,0,0,Saturday,Yes,6,None,Sunny,37.6,53.2,0.0,36,0,69,57.1
2024-06-09,Mangoes,63,2,32,Sunday,Yes,6,None,Cloudy,37.8,48.2,0.0,97,97,36,54.6
2024-06-10,Mangoes,32,0,0,Monday,No,6,None,Light Rain,40.3,50.3,1.9,32,0,63,53.0
2024-06-11,Mangoes,24,3,87,Tuesday,No,6,None,Light Rain,44.6,37.9,6.4,114,114,32,50.6
2024-06-12,Mangoes,50,0,37,Wednesday,No,6,None,Sunny,37.3,56.7,0.0,87,0,24,46.9
2024-06-13,Mangoes,30,0,7,Thursday,No,6,None,Cloudy,39.9,57.2,0.0,37,0,50,45.1
2024-06-14,Mangoes,53,1,37,Friday,No,6,None,Sunny,38.1,48.7,0.0,91,84,30,43.4
2024-06-15,Mangoes,37,0,0,Saturday,Yes,6,None,Sunny,38.7,30.2,0.0,37,0,53,41.1
2024-06-16,Mangoes,54,0,54,Sunday,Yes,6,None,Sunny,33.4,40.2,0.0,108,108,37,41.3
2024-06-17,Mangoes,54,0,0,Monday,No,6,None,Sunny,35.7,54.5,0.0,54,0,54,40.0
2024-06-18,Mangoes,44,0,34,Tuesday,No,6,None,Sunny,32.4,50.3,0.0,78,78,54,43.1
2024-06-19,Mangoes,29,0,5,Wednesday,No,6,None,Light Rain,35.6,41.8,7.6,34,0,44,46.0
2024-06-20,Mangoes,29,6,88,Thursday,No,6,None,Light Rain,41.3,48.2,3.7,123,118,29,43.0
2024-06-21,Mangoes,52,0,36,Friday,No,6,None,Cloudy,32.0,51.5,0.0,88,0,29,42.9
2024-06-22,Mangoes,36,0,0,Saturday,Yes,6,None,Light Rain,43.3,37.7,4.5,36,0,52,42.7
2024-06-23,Mangoes,45,1,89,Sunday,Yes,6,None,Light Rain,33.6,42.6,9.1,135,135,36,42.6
2024-06-24,Mangoes,34,3,52,Monday,No,6,None,Sunny,37.4,49.4,0.0,89,0,45,41.3
2024-06-25,Mangoes,38,0,14,Tuesday,No,6,None,Cloudy,39.8,45.1,0.0,52,0,34,38.4
2024-06-26,Mangoes,58,0,7,Wednesday,No,6,None,Cloudy,43.4,51.7,0.0,65,51,38,37.6
2024-06-27,Mangoes,45,2,50,Thursday,No,6,None,Sunny,38.9,34.3,0.0,97,90,58,41.7
2024-06-28,Mangoes,50,0,0,Friday,No,6,None,Sunny,38.3,47.3,0.0,50,0,45,44.0
2024-06-29,Mangoes,83,0,0,Saturday,Yes,6,None,Cloudy,39.3,40.3,0.0,83,83,50,43.7
2024-06-30,Mangoes,49,2,53,Sunday,Yes,6,None,Cloudy,41.0,42.9,0.0,104,104,83,50.4
2024-07-01,Mangoes,25,2,26,Monday,No,7,None,Light Rain,33.5,81.2,10.8,53,0,49,51.0
2024-07-02,Mangoes,67,2,54,Tuesday,No,7,None,Sunny,34.4,80.8,0.0,123,97,25,49.7
2024-07-03,Mangoes,31,1,22,Wednesday,No,7,None,Heavy Rain,32.2,87.6,62.1,54,0,67,53.9
2024-07-04,Mangoes,33,1,102,Thursday,No,7,None,Sunny,31.0,73.6,0.0,136,114,31,50.0
2024-07-05,Mangoes,48,4,50,Friday,No,7,None,Light Rain,30.4,82.9,14.6,102,0,33,48.3
2024-07-06,Mangoes,48,0,2,Saturday,Yes,7,None,Sunny,32.2,72.5,0.0,50,0,48,48.0
2024-07-07,Mangoes,35,0,20,Sunday,Yes,7,None,Light Rain,33.9,84.5,11.8,55,53,48,43.0
2024-07-08,Mangoes,28,4,64,Monday,No,7,None,Heavy Rain,34.8,83.3,50.7,96,76,35,41.0
2024-07-09,Mangoes,59,0,5,Tuesday,No,7,None,Cloudy,28.2,88.9,0.0,64,0,28,41.4
2024-07-10,Mangoes,57,0,32,Wednesday,No,7,None,Sunny,33.8,79.3,0.0,89,84,59,40.3
2024-07-11,Mangoes,23,0,9,Thursday,No,7,None,Heavy Rain,35.0,83.6,43.1,32,0,57,44.0
2024-07-12,Mangoes,31,2,38,Friday,No,7,None,Heavy Rain,30.4,83.5,58.2,71,62,23,42.6
2024-07-13,Mangoes,38,0,0,Saturday,Yes,7,None,Cloudy,29.7,91.0,0.0,38,0,31,40.1
2024-07-14,Mangoes,41,0,39,Sunday,Yes,7,None,Light Rain,29.4,71.4,15.2,80,80,38,38.7
2024-07-15,Mangoes,39,0,0,Monday,No,7,None,Sunny,30.4,84.5,0.0,39,0,41,39.6
2024-07-16,Mangoes,34,3,104,Tuesday,No,7,None,Heavy Rain,33.7,75.2,99.5,141,141,39,41.1
2024-07-17,Mangoes,50,2,52,Wednesday,No,7,None,Cloudy,33.5,81.5,0.0,104,0,34,37.6
2024-07-18,Mangoes,44,0,8,Thursday,No,7,None,Light Rain,34.0,87.8,8.4,52,0,50,36.6
2024-07-19,Mangoes,44,2,32,Friday,No,7,None,Sunny,33.1,83.3,0.0,78,70,44,39.6
2024-07-20,Mangoes,26,0,6,Saturday,Yes,7,None,Heavy Rain,28.4,87.0,90.2,32,0,44,41.4
2024-07-21,Mangoes,87,1,19,Sunday,Yes,7,None,Sunny,34.6,82.8,0.0,107,101,26,39.7
2024-07-22,Mangoes,53,2,46,Monday,No,7,None,Cloudy,30.1,82.3,0.0,101,82,87,46.3
2024-07-23,Mangoes,46,0,0,Tuesday,No,7,None,Cloudy,32.2,93.0,0.0,46,0,53,48.3
2024-07-24,Mangoes,33,5,68,Wednesday,No,7,None,Cloudy,34.9,80.2,0.0,106,106,46,50.0
2024-07-25,Mangoes,50,1,17,Thursday,No,7,None,Sunny,31.3,94.9,0.0,68,0,33,47.6
2024-07-26,Mangoes,32,0,72,Friday,No,7,None,Cloudy,30.1,76.0,0.0,104,87,50,48.4
2024-07-27,Mangoes,58,1,13,Saturday,Yes,7,None,Cloudy,31.6,85.7,0.0,72,0,32,46.7
2024-07-28,Mangoes,50,0,66,Sunday,Yes,7,None,Cloudy,34.5,70.8,0.0,116,103,58,51.3
2024-07-29,Mangoes,51,0,15,Monday,No,7,None,Light Rain,30.1,79.0,10.0,66,0,50,46.0
2024-07-30,Mangoes,55,0,17,Tuesday,No,7,None,Cloudy,34.7,70.2,0.0,72,57,51,45.7
2024-07-31,Mangoes,15,2,86,Wednesday,No,7,None,Heavy Rain,30.1,70.4,47.3,103,86,55,47.0
2024-01-01,Apples,60,0,0,Monday,No,1,None,Sunny,15.1,63.4,0.0,60,60,60,60.0
2024-01-02,Apples,47,0,58,Tuesday,No,1,None,Sunny,16.6,50.0,0.0,105,105,60,60.0
2024-01-03,Apples,37,0,21,Wednesday,No,1,None,Cloudy,21.1,41.7,0.0,58,0,47,53.5
2024-01-04,Apples,52,0,63,Thursday,No,1,None,Sunny,27.1,63.7,0.0,115,94,37,48.0
2024-01-05,Apples,63,0,0,Friday,No,1,None,Cloudy,19.5,41.9,0.0,63,0,52,49.0
2024-01-06,Apples,60,1,88,Saturday,Yes,1,None,Sunny,25.6,41.3,0.0,149,149,63,51.8
2024-01-07,Apples,48,0,40,Sunday,Yes,1,None,Cloudy,18.2,61.6,0.0,88,0,60,53.2
2024-01-08,Apples,40,0,0,Monday,No,1,None,Sunny,17.3,46.7,0.0,40,0,48,52.4
2024-01-09,Apples,46,0,66,Tuesday,No,1,None,Sunny,27.6,53.7,0.0,112,112,40,49.6
2024-01-10,Apples,66,0,0,Wednesday,No,1,None,Sunny,20.4,56.2,0.0,66,0,46,49.4
2024-01-11,Apples,53,0,78,Thursday,No,1,None,Sunny,22.5,51.2,0.0,131,131,66,53.6
2024-01-12,Apples,58,0,20,Friday,No,1,None,Sunny,18.6,57.8,0.0,78,0,53,53.7
2024-01-13,Apples,77,0,0,Saturday,Yes,1,Uttarayan,Cloudy,23.4,43.0,0.0,77,57,58,53.0
2024-01-14,Apples,105,0,29,Sunday,Yes,1,Uttarayan,Sunny,17.4,62.0,0.0,134,134,77,55.4
2024-01-15,Apples,93,0,11,Monday,No,1,Uttarayan,Sunny,16.5,44.7,0.0,104,75,105,63.6
2024-01-16,Apples,38,0,30,Tuesday,No,1,None,Sunny,25.6,41.6,0.0,68,57,93,71.1
2024-01-17,Apples,30,0,0,Wednesday,No,1,None,Cloudy,26.1,47.9,0.0,30,0,38,70.0
2024-01-18,Apples,46,0,28,Thursday,No,1,None,Sunny,23.5,61.7,0.0,74,74,30,64.9
2024-01-19,Apples,46,0,68,Friday,No,1,None,Cloudy,20.7,63.4,0.0,114,86,46,63.9
2024-01-20,Apples,68,0,0,Saturday,Yes,1,None,Cloudy,22.4,49.7,0.0,68,0,46,62.1
2024-01-21,Apples,72,0,0,Sunday,Yes,1,None,Sunny,15.1,44.2,0.0,72,72,68,60.9
2024-01-22,Apples,59,0,25,Monday,No,1,None,Cloudy,26.4,63.8,0.0,84,84,72,56.1
2024-01-23,Apples,50,0,66,Tuesday,No,1,None,Sunny,22.1,55.9,0.0,116,91,59,51.3
2024-01-24,Apples,66,0,0,Wednesday,No,1,None,Sunny,29.4,52.5,0.0,66,0,50,53.0
2024-01-25,Apples,46,0,84,Thursday,No,1,None,Sunny,18.1,49.2,0.0,130,130,66,58.1
2024-01-26,Apples,41,0,43,Friday,No,1,None,Sunny,27.3,61.3,0.0,84,0,46,58.1
2024-01-27,Apples,43,0,0,Saturday,Yes,1,None,Sunny,26.0,56.2,0.0,43,0,41,57.4
2024-01-28,Apples,61,0,34,Sunday,Yes,1,None,Cloudy,19.4,43.4,0.0,95,95,43,53.9
2024-01-29,Apples,33,0,1,Monday,No,1,None,Sunny,29.6,41.3,0.0,34,0,61,52.3
2024-01-30,Apples,42,0,57,Tuesday,No,1,None,Sunny,19.3,49.2,0.0,99,98,33,48.6
2024-01-31,Apples,57,0,0,Wednesday,No,1,None,Sunny,16.5,57.2,0.0,57,0,42,47.4
2024-02-01,Apples,69,0,0,Thursday,No,2,None,Sunny,27.6,57.7,0.0,69,69,57,46.1
2024-02-02,Apples,63,0,20,Friday,No,2,None,Sunny,21.1,53.3,0.0,83,83,69,49.4
2024-02-03,Apples,70,0,64,Saturday,Yes,2,None,Sunny,29.5,53.0,0.0,134,114,63,52.6
2024-02-04,Apples,58,0,6,Sunday,Yes,2,None,Sunny,19.0,45.5,0.0,64,0,70,56.4
2024-02-05,Apples,72,0,17,Monday,No,2,None,Sunny,15.3,59.3,0.0,89,83,58,56.0
2024-02-06,Apples,39,0,82,Tuesday,No,2,None,Sunny,15.3,47.3,0.0,121,104,72,61.6
2024-02-07,Apples,65,0,17,Wednesday,No,2,None,Cloudy,20.6,40.0,0.0,82,0,39,61.1
2024-02-08,Apples,62,0,12,Thursday,No,2,None,Cloudy,28.2,56.9,0.0,74,57,65,62.3
2024-02-09,Apples,65,0,0,Friday,No,2,None,Cloudy,19.4,45.2,0.0,65,53,62,61.3
2024-02-10,Apples,74,0,64,Saturday,Yes,2,None,Sunny,18.4,46.2,0.0,138,138,65,61.6
2024-02-11,Apples,44,0,20,Sunday,Yes,2,None,Cloudy,23.7,64.8,0.0,64,0,74,62.1
2024-02-12,Apples,60,0,26,Monday,No,2,None,Sunny,24.8,56.1,0.0,86,66,44,60.1
2024-02-13,Apples,52,0,68,Tuesday,No,2,None,Sunny,17.1,55.6,0.0,120,94,60,58.4
2024-02-14,Apples,60,0,8,Wednesday,No,2,None,Cloudy,27.2,55.9,0.0,68,0,52,60.3
2024-02-15,Apples,66,0,45,Thursday,No,2,None,Sunny,18.9,48.6,0.0,111,103,60,59.6
2024-02-16,Apples,45,0,0,Friday,No,2,None,Sunny,15.9,43.7,0.0,45,0,66,60.1
2024-02-17,Apples,80,0,17,Saturday,Yes,2,None,Sunny,21.7,43.4,0.0,97,97,45,57.3
2024-02-18,Apples,50,0,85,Sunday,Yes,2,None,Sunny,20.3,63.7,0.0,135,118,80,58.1
2024-02-19,Apples,46,0,39,Monday,No,2,None,Sunny,27.1,51.5,0.0,85,0,50,59.0
2024-02-20,Apples,39,0,0,Tuesday,No,2,None,Sunny,23.4,61.6,0.0,39,0,46,57.0
2024-02-21,Apples,35,0,52,Wednesday,No,2,None,Cloudy,29.9,53.2,0.0,87,87,39,55.1
2024-02-22,Apples,52,0,0,Thursday,No,2,None,Cloudy,24.5,52.5,0.0,52,0,35,51.6
2024-02-23,Apples,57,0,21,Friday,No,2,None,Sunny,18.3,51.5,0.0,78,78,52,49.6
2024-02-24,Apples,81,0,18,Saturday,Yes,2,None,Cloudy,24.3,64.5,0.0,99,78,57,51.3
2024-02-25,Apples,60,0,15,Sunday,Yes,2,None,Sunny,20.9,63.8,0.0,75,57,81,51.4
2024-02-26,Apples,74,0,55,Monday,No,2,None,Sunny,26.6,47.7,0.0,129,114,60,52.9
2024-02-27,Apples,55,0,0,Tuesday,No,2,None,Sunny,29.4,59.1,0.0,55,0,74,56.9
2024-02-28,Apples,55,0,47,Wednesday,No,2,None,Sunny,27.5,59.6,0.0,102,102,55,59.1
2024-02-29,Apples,47,0,0,Thursday,No,2,None,Cloudy,19.8,61.2,0.0,47,0,55,62.0
2024-08-01,Apples,28,5,35,Thursday,No,8,None,Heavy Rain,28.2,82.0,20.0,68,68,28,28.0
2024-08-02,Apples,32,0,3,Friday,No,8,None,Cloudy,31.5,82.8,0.0,35,0,28,28.0
2024-08-03,Apples,30,5,34,Saturday,Yes,8,None,Heavy Rain,33.3,93.0,55.5,69,66,32,30.0
2024-08-04,Apples,31,0,3,Sunday,Yes,8,None,Light Rain,30.7,84.3,14.8,34,0,30,30.0
2024-08-05,Apples,27,0,66,Monday,No,8,None,Light Rain,34.4,72.5,17.6,93,90,31,30.2
2024-08-06,Apples,16,4,46,Tuesday,No,8,None,Heavy Rain,29.2,91.7,38.0,66,0,27,29.6
2024-08-07,Apples,41,0,5,Wednesday,No,8,None,Cloudy,31.1,84.5,0.0,46,0,16,27.3
2024-08-08,Apples,69,0,11,Thursday,No,8,None,Cloudy,30.0,78.8,0.0,80,75,41,29.3
2024-08-09,Apples,63,0,12,Friday,No,8,None,Sunny,33.3,90.6,0.0,75,64,69,35.1
2024-08-10,Apples,45,6,78,Saturday,Yes,8,None,Light Rain,30.1,84.8,8.1,129,117,63,39.6
2024-08-11,Apples,78,0,0,Sunday,Yes,8,None,Cloudy,31.2,72.4,0.0,78,0,45,41.7
2024-08-12,Apples,35,1,27,Monday,No,8,None,Sunny,33.1,89.3,0.0,63,63,78,48.4
2024-08-13,Apples,37,0,62,Tuesday,No,8,None,Sunny,31.2,71.1,0.0,99,72,35,49.6
2024-08-14,Apples,17,2,43,Wednesday,No,8,None,Heavy Rain,31.8,83.3,53.3,62,0,37,52.6
2024-08-15,Apples,39,0,4,Thursday,No,8,None,Light Rain,34.8,75.7,5.2,43,0,17,49.1
2024-08-16,Apples,71,1,19,Friday,No,8,None,Sunny,28.0,88.2,0.0,91,87,39,44.9
2024-08-17,Apples,58,1,34,Saturday,Yes,8,None,Light Rain,33.9,80.6,18.4,93,74,71,46.0
2024-08-18,Apples,34,0,0,Sunday,Yes,8,None,Cloudy,28.9,78.4,0.0,34,0,58,47.9
2024-08-19,Apples,30,2,43,Monday,No,8,None,Heavy Rain,33.3,79.8,32.0,75,75,34,41.6
2024-08-20,Apples,32,0,11,Tuesday,No,8,None,Light Rain,28.1,76.7,13.8,43,0,30,40.9
2024-08-21,Apples,59,0,53,Wednesday,No,8,None,Sunny,31.4,79.0,0.0,112,101,32,40.1
2024-08-22,Apples,53,0,0,Thursday,No,8,None,Cloudy,31.9,89.5,0.0,53,0,59,46.1
2024-08-23,Apples,28,5,65,Friday,No,8,None,Light Rain,34.8,81.2,15.5,98,98,53,48.1
2024-08-24,Apples,65,0,0,Saturday,Yes,8,None,Light Rain,32.9,88.2,10.2,65,0,28,42.0
2024-08-25,Apples,47,0,15,Sunday,Yes,8,None,Light Rain,29.4,78.6,15.0,62,62,65,43.0
2024-08-26,Apples,30,4,94,Monday,No,8,None,Cloudy,33.1,84.1,0.0,128,113,47,44.9
2024-08-27,Apples,36,3,55,Tuesday,No,8,None,Sunny,31.4,82.7,0.0,94,0,30,44.9
2024-08-28,Apples,47,0,8,Wednesday,No,8,None,Sunny,28.2,91.0,0.0,55,0,36,45.4
2024-08-29,Apples,63,4,49,Thursday,No,8,None,Sunny,34.8,80.9,0.0,116,108,47,43.7
2024-08-30,Apples,30,0,19,Friday,No,8,None,Cloudy,31.8,94.2,0.0,49,0,63,45.1
2024-08-31,Apples,91,0,41,Saturday,Yes,8,None,Sunny,31.4,73.0,0.0,132,113,30,45.4
2024-09-01,Apples,21,2,18,Sunday,Yes,9,None,Heavy Rain,29.6,92.0,32.6,41,0,91,49.1
2024-09-02,Apples,21,5,48,Monday,No,9,None,Heavy Rain,30.2,90.4,83.7,74,56,21,45.4
2024-09-03,Apples,47,0,1,Tuesday,No,9,None,Cloudy,32.0,90.8,0.0,48,0,21,44.1
2024-09-04,Apples,44,0,59,Wednesday,No,9,None,Sunny,29.1,74.7,0.0,103,102,47,45.7
2024-09-05,Apples,21,3,35,Thursday,No,9,None,Heavy Rain,30.9,93.4,78.6,59,0,44,45.3
2024-09-06,Apples,35,0,0,Friday,No,9,None,Light Rain,29.7,78.9,11.5,35,0,21,39.3
2024-09-07,Apples,80,0,47,Saturday,Yes,9,None,Cloudy,28.5,75.1,0.0,127,127,35,40.0
2024-09-08,Apples,47,0,0,Sunday,Yes,9,None,Light Rain,32.7,85.8,16.7,47,0,80,38.4
2024-09-09,Apples,44,0,23,Monday,No,9,None,Light Rain,29.9,76.9,18.7,67,67,47,42.1
2024-09-10,Apples,27,0,107,Tuesday,No,9,None,Light Rain,34.8,72.6,6.7,134,111,44,45.4
2024-09-11,Apples,16,2,89,Wednesday,No,9,None,Heavy Rain,32.1,75.1,51.8,107,0,27,42.6
2024-09-12,Apples,58,0,31,Thursday,No,9,None,Sunny,31.4,76.7,0.0,89,0,16,38.6
2024-09-13,Apples,31,0,0,Friday,No,9,None,Cloudy,34.8,85.1,0.0,31,0,58,43.9
2024-09-14,Apples,50,0,28,Saturday,Yes,9,None,Light Rain,34.7,77.4,15.4,78,78,31,43.3
2024-09-15,Apples,40,3,61,Sunday,Yes,9,None,Light Rain,31.9,86.0,19.5,104,76,50,39.0
2024-09-16,Apples,61,0,0,Monday,No,9,None,Cloudy,32.7,84.6,0.0,61,0,40,38.0
2024-09-17,Apples,54,0,31,Tuesday,No,9,None,Cloudy,28.0,74.4,0.0,85,85,61,40.4
2024-09-18,Apples,31,0,0,Wednesday,No,9,None,Sunny,34.6,88.4,0.0,31,0,54,44.3
2024-09-19,Apples,16,13,95,Thursday,No,9,None,Heavy Rain,32.1,87.5,24.0,124,124,31,46.4
2024-09-20,Apples,48,3,44,Friday,No,9,None,Light Rain,31.8,93.5,11.0,95,0,16,40.4
2024-09-21,Apples,44,0,0,Saturday,Yes,9,None,Light Rain,34.8,72.5,16.1,44,0,48,42.9
2024-09-22,Apples,42,1,31,Sunday,Yes,9,None,Cloudy,28.6,90.2,0.0,74,74,44,42.0
2024-09-23,Apples,31,0,0,Monday,No,9,None,Sunny,33.1,70.2,0.0,31,0,42,42.3
2024-09-24,Apples,74,0,25,Tuesday,No,9,None,Sunny,32.5,76.1,0.0,99,99,31,38.0
2024-09-25,Apples,62,3,72,Wednesday,No,9,None,Cloudy,34.1,88.5,0.0,137,112,74,40.9
2024-09-26,Apples,44,0,28,Thursday,No,9,None,Sunny,29.9,76.2,0.0,72,0,62,45.3
2024-09-27,Apples,47,2,44,Friday,No,9,None,Cloudy,33.1,85.2,0.0,93,65,44,49.3
2024-09-28,Apples,44,0,0,Saturday,Yes,9,None,Cloudy,30.3,92.1,0.0,44,0,47,49.1
2024-09-29,Apples,87,3,43,Sunday,Yes,9,None,Cloudy,30.0,89.7,0.0,133,133,44,49.1
2024-09-30,Apples,43,0,0,Monday,No,9,None,Cloudy,33.2,83.0,0.0,43,0,87,55.6
2024-10-01,Apples,72,0,41,Tuesday,No,10,None,Sunny,23.8,53.5,0.0,113,113,43,57.3
2024-10-02,Apples,41,0,0,Wednesday,No,10,None,Sunny,26.8,51.4,0.0,41,0,72,57.0
2024-10-03,Apples,69,0,8,Thursday,No,10,None,Sunny,21.6,56.2,0.0,77,77,41,54.0
2024-10-04,Apples,58,0,6,Friday,No,10,None,Sunny,26.8,55.0,0.0,64,56,69,57.6
2024-10-05,Apples,56,0,0,Saturday,Yes,10,Navratri,Sunny,16.6,59.1,0.0,56,50,58,59.1
2024-10-06,Apples,45,1,84,Sunday,Yes,10,None,Sunny,17.4,41.8,0.0,130,130,56,60.9
2024-10-07,Apples,81,0,3,Monday,No,10,Navratri,Sunny,25.3,42.8,0.0,84,0,45,54.9
2024-10-08,Apples,58,0,46,Tuesday,No,10,None,Sunny,22.7,53.4,0.0,104,101,81,60.3
2024-10-09,Apples,46,0,0,Wednesday,No,10,None,Sunny,19.6,62.8,0.0,46,0,58,58.3
2024-10-10,Apples,74,0,20,Thursday,No,10,None,Sunny,19.8,62.6,0.0,94,94,46,59.0
2024-10-11,Apples,64,0,72,Friday,No,10,None,Sunny,27.9,56.9,0.0,136,116,74,59.7
2024-10-12,Apples,72,0,0,Saturday,Yes,10,None,Sunny,24.2,44.0,0.0,72,0,64,60.6
2024-10-13,Apples,44,1,99,Sunday,Yes,10,None,Sunny,18.4,42.9,0.0,144,144,72,62.9
2024-10-14,Apples,91,0,8,Monday,No,10,Navratri,Sunny,26.8,47.4,0.0,99,0,44,62.7
2024-10-15,Apples,69,0,24,Tuesday,No,10,None,Sunny,26.0,62.0,0.0,93,85,91,64.1
2024-10-16,Apples,79,0,13,Wednesday,No,10,Navratri,Cloudy,24.1,46.1,0.0,92,68,69,65.7
2024-10-17,Apples,68,0,56,Thursday,No,10,None,Sunny,23.6,64.7,0.0,124,111,79,70.4
2024-10-18,Apples,56,0,0,Friday,No,10,Navratri,Sunny,25.4,57.6,0.0,56,0,68,69.6
2024-10-19,Apples,108,0,0,Saturday,Yes,10,Navratri,Cloudy,28.1,55.8,0.0,108,108,56,68.4
2024-10-20,Apples,45,0,63,Sunday,Yes,10,None,Sunny,29.7,52.8,0.0,108,108,108,73.6
2024-10-21,Apples,59,0,4,Monday,No,10,None,Sunny,22.6,50.5,0.0,63,0,45,73.7
2024-10-22,Apples,54,0,15,Tuesday,No,10,None,Cloudy,21.1,62.1,0.0,69,65,59,69.1
2024-10-23,Apples,39,0,66,Wednesday,No,10,None,Sunny,25.5,58.8,0.0,105,90,54,67.0
2024-10-24,Apples,44,0,22,Thursday,No,10,None,Sunny,17.8,61.4,0.0,66,0,39,61.3
2024-10-25,Apples,109,0,28,Friday,No,10,Navratri,Cloudy,20.8,60.1,0.0,137,115,44,57.9
2024-10-26,Apples,109,0,25,Saturday,Yes,10,Navratri,Cloudy,22.2,44.5,0.0,134,106,109,65.4
2024-10-27,Apples,68,0,73,Sunday,Yes,10,None,Sunny,27.1,50.8,0.0,141,116,109,65.6
2024-10-28,Apples,40,0,33,Monday,No,10,None,Cloudy,25.9,55.2,0.0,73,0,68,68.9
2024-10-29,Apples,33,0,0,Tuesday,No,10,None,Cloudy,25.6,40.2,0.0,33,0,40,66.1
2024-10-30,Apples,66,0,29,Wednesday,No,10,Navratri,Cloudy,27.1,59.3,0.0,95,95,33,63.1
2024-10-31,Apples,50,0,86,Thursday,No,10,None,Sunny,23.2,53.0,0.0,136,107,66,67.0
2024-11-01,Apples,68,0,18,Friday,No,11,Diwali,Cloudy,18.1,57.8,0.0,86,0,50,67.9
2024-11-02,Apples,71,0,17,Saturday,Yes,11,None,Cloudy,20.9,44.0,0.0,88,70,68,62.0
2024-11-03,Apples,60,0,67,Sunday,Yes,11,None,Sunny,23.7,55.8,0.0,127,110,71,56.6
2024-11-04,Apples,34,0,33,Monday,No,11,None,Sunny,20.8,54.7,0.0,67,0,60,55.4
2024-11-05,Apples,33,0,0,Tuesday,No,11,None,Cloudy,28.6,52.7,0.0,33,0,34,54.6
2024-11-06,Apples,73,0,48,Wednesday,No,11,None,Sunny,20.7,60.5,0.0,121,121,33,54.6
2024-11-07,Apples,48,0,0,Thursday,No,11,None,Sunny,24.6,58.7,0.0,48,0,73,55.6
2024-11-08,Apples,44,0,68,Friday,No,11,None,Cloudy,25.4,45.5,0.0,112,112,48,55.3
2024-11-09,Apples,58,0,10,Saturday,Yes,11,None,Sunny,21.9,64.6,0.0,68,0,44,51.9
2024-11-10,Apples,80,0,0,Sunday,Yes,11,Diwali,Sunny,18.3,51.6,0.0,80,70,58,50.0
2024-11-11,Apples,75,0,73,Monday,No,11,None,Sunny,23.4,41.0,0.0,148,148,80,52.9
2024-11-12,Apples,44,0,29,Tuesday,No,11,None,Sunny,21.5,56.7,0.0,73,0,75,58.7
2024-11-13,Apples,60,0,61,Wednesday,No,11,None,Cloudy,25.6,64.2,0.0,121,92,44,60.3
2024-11-14,Apples,44,0,17,Thursday,No,11,None,Cloudy,25.1,40.1,0.0,61,0,60,58.4
2024-11-15,Apples,40,0,80,Friday,No,11,None,Cloudy,19.8,64.0,0.0,120,103,44,57.9
2024-11-16,Apples,80,0,0,Saturday,Yes,11,Diwali,Sunny,16.2,47.8,0.0,80,0,40,57.3
2024-11-17,Apples,83,0,34,Sunday,Yes,11,None,Cloudy,25.6,47.7,0.0,117,117,80,60.4
2024-11-18,Apples,34,0,0,Monday,No,11,None,Cloudy,21.2,50.1,0.0,34,0,83,60.9
2024-11-19,Apples,48,0,59,Tuesday,No,11,None,Cloudy,21.6,57.7,0.0,107,107,34,55.0
2024-11-20,Apples,37,0,22,Wednesday,No,11,None,Sunny,20.7,49.3,0.0,59,0,48,55.6
2024-11-21,Apples,59,0,50,Thursday,No,11,None,Sunny,29.7,56.2,0.0,109,87,37,52.3
2024-11-22,Apples,47,0,3,Friday,No,11,None,Cloudy,29.2,60.8,0.0,50,0,59,54.4
2024-11-23,Apples,50,0,56,Saturday,Yes,11,None,Cloudy,28.9,55.8,0.0,106,103,47,55.4
2024-11-24,Apples,56,0,0,Sunday,Yes,11,Diwali,Sunny,26.2,60.3,0.0,56,0,50,51.1
2024-11-25,Apples,79,0,0,Monday,No,11,Diwali,Sunny,23.7,51.3,0.0,79,79,56,47.3
2024-11-26,Apples,35,0,62,Tuesday,No,11,None,Sunny,25.5,61.0,0.0,97,97,79,53.7
2024-11-27,Apples,62,0,0,Wednesday,No,11,None,Sunny,29.3,62.0,0.0,62,0,35,51.9
2024-11-28,Apples,67,0,0,Thursday,No,11,Diwali,Cloudy,16.2,58.5,0.0,67,67,62,55.4
2024-11-29,Apples,36,0,85,Friday,No,11,None,Cloudy,16.3,55.2,0.0,121,121,67,56.6
2024-11-30,Apples,68,0,17,Saturday,Yes,11,None,Cloudy,29.6,57.1,0.0,85,0,36,55.0
2024-12-01,Apples,52,1,70,Sunday,Yes,12,None,Sunny,16.9,45.0,0.0,123,106,68,57.6
2024-12-02,Apples,41,0,29,Monday,No,12,None,Cloudy,26.6,43.2,0.0,70,0,52,57.0
2024-12-03,Apples,63,0,26,Tuesday,No,12,None,Cloudy,27.8,63.4,0.0,89,60,41,51.6
2024-12-04,Apples,67,0,18,Wednesday,No,12,None,Sunny,18.2,45.7,0.0,85,59,63,55.6
2024-12-05,Apples,40,0,67,Thursday,No,12,None,Sunny,17.2,64.3,0.0,107,89,67,56.3
2024-12-06,Apples,40,0,27,Friday,No,12,None,Sunny,19.2,60.0,0.0,67,0,40,52.4
2024-12-07,Apples,60,0,52,Saturday,Yes,12,None,Sunny,15.3,60.7,0.0,112,85,40,53.0
2024-12-08,Apples,52,0,0,Sunday,Yes,12,None,Cloudy,18.2,60.2,0.0,52,0,60,51.9
2024-12-09,Apples,31,0,50,Monday,No,12,None,Cloudy,28.0,43.9,0.0,81,81,52,51.9
2024-12-10,Apples,37,0,13,Tuesday,No,12,None,Sunny,25.6,55.4,0.0,50,0,31,50.4
2024-12-11,Apples,52,0,54,Wednesday,No,12,None,Cloudy,26.7,47.6,0.0,106,93,37,46.7
2024-12-12,Apples,54,0,0,Thursday,No,12,None,Sunny,21.9,47.7,0.0,54,0,52,44.6
2024-12-13,Apples,69,0,66,Friday,No,12,None,Cloudy,25.9,54.4,0.0,135,135,54,46.6
2024-12-14,Apples,66,0,0,Saturday,Yes,12,None,Cloudy,18.0,41.1,0.0,66,0,69,50.7
2024-12-15,Apples,67,0,77,Sunday,Yes,12,None,Sunny,26.5,63.5,0.0,144,144,66,51.6
2024-12-16,Apples,52,0,25,Monday,No,12,None,Sunny,24.8,54.0,0.0,77,0,67,53.7
2024-12-17,Apples,33,0,80,Tuesday,No,12,None,Cloudy,16.8,60.0,0.0,113,88,52,56.7
2024-12-18,Apples,50,0,30,Wednesday,No,12,None,Sunny,22.7,62.6,0.0,80,0,33,56.1
2024-12-19,Apples,30,0,0,Thursday,No,12,None,Sunny,22.7,58.4,0.0,30,0,50,55.9
2024-12-20,Apples,67,0,69,Friday,No,12,None,Sunny,18.4,53.8,0.0,136,136,30,52.4
2024-12-21,Apples,69,0,0,Saturday,Yes,12,None,Sunny,17.0,61.4,0.0,69,0,67,52.1
2024-12-22,Apples,52,0,45,Sunday,Yes,12,None,Sunny,22.4,50.2,0.0,97,97,69,52.6
2024-12-23,Apples,39,0,6,Monday,No,12,None,Cloudy,20.6,59.6,0.0,45,0,52,50.4
2024-12-24,Apples,54,0,70,Tuesday,No,12,None,Cloudy,16.3,53.9,0.0,124,118,39,48.6
2024-12-25,Apples,51,0,19,Wednesday,No,12,None,Cloudy,18.8,53.0,0.0,70,0,54,51.6
2024-12-26,Apples,46,0,42,Thursday,No,12,None,Sunny,24.4,55.0,0.0,88,69,51,51.7
2024-12-27,Apples,42,0,0,Friday,No,12,None,Sunny,19.0,53.9,0.0,42,0,46,54.0
2024-12-28,Apples,48,0,57,Saturday,Yes,12,None,Cloudy,18.6,63.7,0.0,105,105,42,50.4
2024-12-29,Apples,57,0,0,Sunday,Yes,12,None,Cloudy,18.6,62.7,0.0,57,0,48,47.4
2024-12-30,Apples,50,1,90,Monday,No,12,None,Sunny,26.4,43.9,0.0,141,141,57,48.1
2024-01-01,Oranges,46,1,94,Monday,No,1,None,Sunny,29.0,49.4,0.0,141,141,46,46.0
2024-01-02,Oranges,75,0,19,Tuesday,No,1,None,Sunny,26.4,41.1,0.0,94,0,46,46.0
2024-01-03,Oranges,52,0,69,Wednesday,No,1,None,Cloudy,25.1,51.7,0.0,121,102,75,60.5
2024-01-04,Oranges,33,0,36,Thursday,No,1,None,Sunny,19.2,61.3,0.0,69,0,52,57.7
2024-01-05,Oranges,36,0,0,Friday,No,1,None,Cloudy,26.3,45.4,0.0,36,0,33,51.5
2024-01-06,Oranges,53,0,68,Saturday,Yes,1,None,Cloudy,16.7,55.2,0.0,121,121,36,48.4
2024-01-07,Oranges,68,0,0,Sunday,Yes,1,None,Cloudy,27.0,49.8,0.0,68,0,53,49.2
2024-01-08,Oranges,55,1,88,Monday,No,1,None,Sunny,26.6,45.9,0.0,144,144,68,51.9
2024-01-09,Oranges,72,0,16,Tuesday,No,1,None,Sunny,28.9,49.1,0.0,88,0,55,53.1
2024-01-10,Oranges,58,0,18,Wednesday,No,1,None,Sunny,21.5,42.2,0.0,76,60,72,52.7
2024-01-11,Oranges,46,0,49,Thursday,No,1,None,Cloudy,29.4,56.7,0.0,95,77,58,53.6
2024-01-12,Oranges,49,0,0,Friday,No,1,None,Sunny,17.9,47.4,0.0,49,0,46,55.4
2024-01-13,Oranges,95,0,0,Saturday,Yes,1,Uttarayan,Cloudy,26.1,46.9,0.0,95,95,49,57.3
2024-01-14,Oranges,112,0,7,Sunday,Yes,1,Uttarayan,Cloudy,25.7,57.7,0.0,119,119,95,63.3
2024-01-15,Oranges,54,0,30,Monday,No,1,Uttarayan,Cloudy,20.1,42.0,0.0,84,77,112,69.6
2024-01-16,Oranges,30,0,0,Tuesday,No,1,None,Sunny,29.9,53.5,0.0,30,0,54,69.4
2024-01-17,Oranges,43,0,104,Wednesday,No,1,None,Cloudy,17.5,46.0,0.0,147,147,30,63.4
2024-01-18,Oranges,41,0,63,Thursday,No,1,None,Sunny,28.7,44.7,0.0,104,0,43,61.3
2024-01-19,Oranges,53,0,10,Friday,No,1,None,Cloudy,26.3,54.4,0.0,63,0,41,60.6
2024-01-20,Oranges,53,0,41,Saturday,Yes,1,None,Cloudy,26.4,41.4,0.0,94,84,53,61.1
2024-01-21,Oranges,41,0,0,Sunday,Yes,1,None,Cloudy,18.7,57.9,0.0,41,0,53,55.1
2024-01-22,Oranges,54,0,6,Monday,No,1,None,Cloudy,26.4,47.4,0.0,60,60,41,45.0
2024-01-23,Oranges,68,0,49,Tuesday,No,1,None,Sunny,29.1,55.1,0.0,117,111,54,45.0
2024-01-24,Oranges,48,0,1,Wednesday,No,1,None,Sunny,25.2,63.7,0.0,49,0,68,50.4
2024-01-25,Oranges,57,0,63,Thursday,No,1,None,Sunny,17.5,42.9,0.0,120,119,48,51.1
2024-01-26,Oranges,63,0,0,Friday,No,1,None,Sunny,29.0,60.5,0.0,63,0,57,53.4
2024-01-27,Oranges,52,0,59,Saturday,Yes,1,None,Sunny,28.5,50.0,0.0,111,111,63,54.9
2024-01-28,Oranges,59,0,0,Sunday,Yes,1,None,Sunny,27.0,42.6,0.0,59,0,52,54.7
2024-01-29,Oranges,34,1,83,Monday,No,1,None,Sunny,29.7,45.4,0.0,118,118,59,57.3
2024-01-30,Oranges,55,0,28,Tuesday,No,1,None,Cloudy,15.5,56.5,0.0,83,0,34,54.4
2024-01-31,Oranges,62,1,68,Wednesday,No,1,None,Sunny,26.2,54.0,0.0,131,103,55,52.6
2024-02-01,Oranges,68,0,0,Thursday,No,2,None,Sunny,18.9,64.2,0.0,68,0,62,54.6
2024-02-02,Oranges,69,0,12,Friday,No,2,None,Cloudy,15.8,57.3,0.0,81,81,68,56.1
2024-02-03,Oranges,71,0,44,Saturday,Yes,2,None,Sunny,23.6,43.4,0.0,115,103,69,57.0
2024-02-04,Oranges,44,0,0,Sunday,Yes,2,None,Sunny,16.1,62.4,0.0,44,0,71,59.7
2024-02-05,Oranges,38,1,98,Monday,No,2,None,Sunny,18.1,42.1,0.0,137,137,44,57.6
2024-02-06,Oranges,56,0,42,Tuesday,No,2,None,Cloudy,17.7,43.5,0.0,98,0,38,58.1
2024-02-07,Oranges,37,0,5,Wednesday,No,2,None,Sunny,19.1,45.1,0.0,42,0,56,58.3
2024-02-08,Oranges,37,0,64,Thursday,No,2,None,Sunny,25.3,53.3,0.0,101,96,37,54.7
2024-02-09,Oranges,51,0,13,Friday,No,2,None,Sunny,18.7,56.4,0.0,64,0,37,50.3
2024-02-10,Oranges,57,0,49,Saturday,Yes,2,None,Cloudy,28.9,61.1,0.0,106,93,51,47.7
2024-02-11,Oranges,49,0,0,Sunday,Yes,2,None,Sunny,29.1,56.5,0.0,49,0,57,45.7
2024-02-12,Oranges,39,0,37,Monday,No,2,None,Sunny,23.3,50.1,0.0,76,76,49,46.4
2024-02-13,Oranges,37,0,0,Tuesday,No,2,None,Sunny,16.6,48.9,0.0,37,0,39,46.6
2024-02-14,Oranges,69,0,58,Wednesday,No,2,None,Cloudy,24.9,41.8,0.0,127,127,37,43.9
2024-02-15,Oranges,58,0,0,Thursday,No,2,None,Sunny,27.4,41.0,0.0,58,0,69,48.4
2024-02-16,Oranges,58,0,9,Friday,No,2,None,Sunny,28.2,53.9,0.0,67,67,58,51.4
2024-02-17,Oranges,51,0,15,Saturday,Yes,2,None,Sunny,18.9,47.8,0.0,66,57,58,52.4
2024-02-18,Oranges,55,0,39,Sunday,Yes,2,None,Sunny,28.7,55.9,0.0,94,79,51,51.6
2024-02-19,Oranges,39,0,0,Monday,No,2,None,Cloudy,15.6,59.5,0.0,39,0,55,52.4
2024-02-20,Oranges,36,1,78,Tuesday,No,2,None,Sunny,17.2,60.8,0.0,115,115,39,52.4
2024-02-21,Oranges,69,0,9,Wednesday,No,2,None,Cloudy,22.5,50.8,0.0,78,0,36,52.3
2024-02-22,Oranges,35,1,85,Thursday,No,2,None,Sunny,19.1,62.5,0.0,121,112,69,52.3
2024-02-23,Oranges,33,0,52,Friday,No,2,None,Cloudy,25.7,57.4,0.0,85,0,35,49.0
2024-02-24,Oranges,52,0,0,Saturday,Yes,2,None,Sunny,18.2,61.4,0.0,52,0,33,45.4
2024-02-25,Oranges,41,1,94,Sunday,Yes,2,None,Cloudy,21.0,59.6,0.0,136,136,52,45.6
2024-02-26,Oranges,41,0,53,Monday,No,2,None,Sunny,17.9,51.5,0.0,94,0,41,43.6
2024-02-27,Oranges,52,0,1,Tuesday,No,2,None,Cloudy,24.3,45.6,0.0,53,0,41,43.9
2024-02-28,Oranges,39,0,36,Wednesday,No,2,None,Cloudy,17.4,44.3,0.0,75,74,52,46.1
2024-02-29,Oranges,36,0,0,Thursday,No,2,None,Cloudy,16.3,49.8,0.0,36,0,39,41.9
2024-03-01,Oranges,40,6,88,Friday,No,3,None,Cloudy,39.8,34.9,0.0,134,134,36,42.0
2024-03-02,Oranges,44,3,41,Saturday,Yes,3,None,Sunny,44.3,39.1,0.0,88,0,40,43.0
2024-03-03,Oranges,41,0,0,Sunday,Yes,3,None,Cloudy,37.5,31.5,0.0,41,0,44,41.9
2024-03-04,Oranges,38,2,35,Monday,No,3,None,Sunny,37.1,30.9,0.0,75,75,41,41.9
2024-03-05,Oranges,35,0,0,Tuesday,No,3,None,Sunny,36.1,37.4,0.0,35,0,38,41.4
2024-03-06,Oranges,61,3,54,Wednesday,No,3,None,Sunny,39.4,30.2,0.0,118,118,35,39.0
2024-03-07,Oranges,54,0,0,Thursday,No,3,None,Cloudy,35.5,57.1,0.0,54,0,61,42.1
2024-03-08,Oranges,65,4,71,Friday,No,3,None,Cloudy,37.3,34.9,0.0,140,140,54,44.7
2024-03-09,Oranges,42,1,28,Saturday,Yes,3,None,Light Rain,44.1,32.9,1.5,71,0,65,48.3
2024-03-10,Oranges,85,2,42,Sunday,Yes,3,None,Cloudy,35.6,40.0,0.0,129,101,42,48.0
2024-03-11,Oranges,40,0,2,Monday,No,3,None,Light Rain,38.3,50.8,2.5,42,0,85,54.3
2024-03-12,Oranges,52,2,60,Tuesday,No,3,None,Light Rain,41.9,34.6,7.6,114,112,40,54.6
2024-03-13,Oranges,60,0,0,Wednesday,No,3,None,Sunny,33.6,35.1,0.0,60,0,52,57.0
2024-03-14,Oranges,58,2,61,Thursday,No,3,None,Cloudy,36.4,54.1,0.0,121,121,60,56.9
2024-03-15,Oranges,61,0,0,Friday,No,3,None,Sunny,36.4,39.4,0.0,61,0,58,57.4
2024-03-16,Oranges,63,3,50,Saturday,Yes,3,None,Cloudy,40.4,56.3,0.0,116,116,61,56.9
2024-03-17,Oranges,41,0,9,Sunday,Yes,3,None,Light Rain,42.7,41.9,6.9,50,0,63,59.9
2024-03-18,Oranges,41,1,58,Monday,No,3,None,Sunny,40.7,38.1,0.0,100,91,41,53.6
2024-03-19,Oranges,58,0,0,Tuesday,No,3,None,Sunny,44.8,59.3,0.0,58,0,41,53.7
2024-03-20,Oranges,61,2,49,Wednesday,No,3,None,Cloudy,39.5,56.0,0.0,112,112,58,54.6
2024-03-21,Oranges,48,0,1,Thursday,No,3,None,Light Rain,37.3,42.8,7.0,49,0,61,54.7
2024-03-22,Oranges,40,0,11,Friday,No,3,None,Cloudy,34.6,58.0,0.0,51,50,48,53.3
2024-03-23,Oranges,72,0,0,Saturday,Yes,3,None,Sunny,42.1,30.5,0.0,72,61,40,50.3
2024-03-24,Oranges,46,2,64,Sunday,Yes,3,None,Cloudy,38.4,35.9,0.0,112,112,72,51.6
2024-03-25,Oranges,44,1,19,Monday,No,3,None,Sunny,43.3,33.1,0.0,64,0,46,52.3
2024-03-26,Oranges,24,4,67,Tuesday,No,3,None,Light Rain,40.8,55.4,2.4,95,76,44,52.7
2024-03-27,Oranges,43,0,24,Wednesday,No,3,None,Light Rain,32.1,30.0,3.5,67,0,24,47.9
2024-03-28,Oranges,72,2,41,Thursday,No,3,None,Sunny,38.0,58.3,0.0,115,91,43,45.3
2024-03-29,Oranges,41,0,0,Friday,No,3,None,Sunny,34.8,33.7,0.0,41,0,72,48.7
2024-03-30,Oranges,71,0,0,Saturday,Yes,3,None,Sunny,36.4,44.4,0.0,71,71,41,48.9
2024-03-31,Oranges,70,0,37,Sunday,Yes,3,None,Sunny,32.4,48.7,0.0,107,107,71,48.7
2024-11-01,Oranges,47,0,43,Friday,No,11,None,Sunny,26.7,56.8,0.0,90,90,47,47.0
2024-11-02,Oranges,43,0,0,Saturday,Yes,11,Diwali,Sunny,27.1,54.8,0.0,43,0,47,47.0
2024-11-03,Oranges,58,0,59,Sunday,Yes,11,None,Sunny,16.3,55.0,0.0,117,117,43,45.0
2024-11-04,Oranges,49,0,10,Monday,No,11,None,Sunny,27.8,64.8,0.0,59,0,58,49.3
2024-11-05,Oranges,73,0,4,Tuesday,No,11,None,Sunny,24.1,47.7,0.0,77,67,49,49.2
2024-11-06,Oranges,69,0,5,Wednesday,No,11,None,Cloudy,15.0,46.8,0.0,74,70,73,54.0
2024-11-07,Oranges,39,0,29,Thursday,No,11,None,Sunny,21.6,41.1,0.0,68,63,69,56.5
2024-11-08,Oranges,61,0,22,Friday,No,11,None,Sunny,27.2,63.1,0.0,83,54,39,54.0
2024-11-09,Oranges,83,0,19,Saturday,Yes,11,None,Cloudy,25.9,59.5,0.0,102,80,61,56.0
2024-11-10,Oranges,63,0,18,Sunday,Yes,11,None,Cloudy,18.8,40.3,0.0,81,62,83,61.7
2024-11-11,Oranges,37,0,96,Monday,No,11,None,Sunny,22.7,42.1,0.0,133,115,63,62.4
2024-11-12,Oranges,96,0,0,Tuesday,No,11,Diwali,Cloudy,18.6,42.4,0.0,96,0,37,60.7
2024-11-13,Oranges,63,0,16,Wednesday,No,11,Diwali,Sunny,21.7,53.3,0.0,79,79,96,64.0
2024-11-14,Oranges,40,0,95,Thursday,No,11,None,Sunny,19.9,47.6,0.0,135,119,63,63.1
2024-11-15,Oranges,41,0,54,Friday,No,11,None,Cloudy,17.0,55.8,0.0,95,0,40,63.3
2024-11-16,Oranges,54,0,0,Saturday,Yes,11,None,Cloudy,18.9,60.1,0.0,54,0,41,60.4
2024-11-17,Oranges,72,0,39,Sunday,Yes,11,None,Sunny,26.7,56.8,0.0,111,111,54,56.3
2024-11-18,Oranges,39,0,0,Monday,No,11,Diwali,Sunny,18.4,53.8,0.0,39,0,72,57.6
2024-11-19,Oranges,41,0,69,Tuesday,No,11,None,Cloudy,19.2,59.3,0.0,110,110,39,57.9
2024-11-20,Oranges,69,0,0,Wednesday,No,11,None,Sunny,16.0,41.2,0.0,69,0,41,50.0
2024-11-21,Oranges,70,0,54,Thursday,No,11,None,Sunny,19.1,50.0,0.0,124,124,69,50.9
2024-11-22,Oranges,33,0,21,Friday,No,11,None,Cloudy,23.7,58.3,0.0,54,0,70,55.1
2024-11-23,Oranges,68,0,39,Saturday,Yes,11,None,Cloudy,25.5,53.9,0.0,107,86,33,54.0
2024-11-24,Oranges,39,0,0,Sunday,Yes,11,None,Sunny,29.6,60.8,0.0,39,0,68,56.0
2024-11-25,Oranges,52,0,94,Monday,No,11,None,Cloudy,26.3,51.4,0.0,146,146,39,51.3
2024-11-26,Oranges,94,0,0,Tuesday,No,11,Diwali,Sunny,23.7,48.6,0.0,94,0,52,53.1
2024-11-27,Oranges,89,0,0,Wednesday,No,11,Diwali,Sunny,17.5,41.5,0.0,89,89,94,60.7
2024-11-28,Oranges,73,0,33,Thursday,No,11,None,Sunny,21.8,64.6,0.0,106,106,89,63.6
2024-11-29,Oranges,33,0,0,Friday,No,11,None,Sunny,21.2,58.3,0.0,33,0,73,64.0
2024-11-30,Oranges,42,0,50,Saturday,Yes,11,None,Sunny,24.0,54.5,0.0,92,92,33,64.0
2024-12-01,Oranges,50,0,0,Sunday,Yes,12,None,Cloudy,25.1,41.0,0.0,50,0,42,60.3
2024-12-02,Oranges,40,0,54,Monday,No,12,None,Sunny,15.6,49.1,0.0,94,94,50,61.9
2024-12-03,Oranges,54,0,0,Tuesday,No,12,None,Cloudy,27.0,53.5,0.0,54,0,40,60.1
2024-12-04,Oranges,70,0,5,Wednesday,No,12,None,Sunny,17.2,44.3,0.0,75,75,54,54.4
2024-12-05,Oranges,60,0,33,Thursday,No,12,None,Sunny,21.5,54.9,0.0,93,88,70,51.7
2024-12-06,Oranges,33,0,0,Friday,No,12,None,Sunny,22.5,45.0,0.0,33,0,60,49.9
2024-12-07,Oranges,51,0,61,Saturday,Yes,12,None,Sunny,28.7,49.0,0.0,112,112,33,49.9
2024-12-08,Oranges,50,0,11,Sunday,Yes,12,None,Sunny,19.8,64.7,0.0,61,0,51,51.1
2024-12-09,Oranges,66,0,12,Monday,No,12,None,Sunny,15.6,50.1,0.0,78,67,50,51.1
2024-12-10,Oranges,64,0,9,Tuesday,No,12,None,Sunny,15.2,62.4,0.0,73,61,66,54.9
2024-12-11,Oranges,62,0,25,Wednesday,No,12,None,Cloudy,29.7,42.2,0.0,87,78,64,56.3
2024-12-12,Oranges,47,0,71,Thursday,No,12,None,Cloudy,20.3,55.3,0.0,118,93,62,55.1
2024-12-13,Oranges,68,0,3,Friday,No,12,None,Sunny,28.5,49.6,0.0,71,0,47,53.3
2024-12-14,Oranges,81,0,39,Saturday,Yes,12,None,Cloudy,18.0,51.0,0.0,120,117,68,58.3
2024-12-15,Oranges,39,0,0,Sunday,Yes,12,None,Sunny,23.3,60.6,0.0,39,0,81,62.6
2024-12-16,Oranges,68,0,5,Monday,No,12,None,Cloudy,15.2,46.2,0.0,73,73,39,61.0
2024-12-17,Oranges,56,0,56,Tuesday,No,12,None,Sunny,18.3,55.6,0.0,112,107,68,61.3
2024-12-18,Oranges,39,0,17,Wednesday,No,12,None,Cloudy,24.1,59.1,0.0,56,0,56,60.1
2024-12-19,Oranges,48,0,21,Thursday,No,12,None,Cloudy,20.6,55.6,0.0,69,52,39,56.9
2024-12-20,Oranges,42,0,66,Friday,No,12,None,Cloudy,18.7,55.0,0.0,108,87,48,57.0
2024-12-21,Oranges,66,0,0,Saturday,Yes,12,None,Sunny,28.3,46.8,0.0,66,0,42,53.3
2024-12-22,Oranges,54,0,21,Sunday,Yes,12,None,Cloudy,15.1,40.6,0.0,75,75,66,51.1
2024-12-23,Oranges,39,0,46,Monday,No,12,None,Sunny,18.0,46.5,0.0,85,64,54,53.3
2024-12-24,Oranges,33,0,13,Tuesday,No,12,None,Sunny,17.8,53.5,0.0,46,0,39,49.1
2024-12-25,Oranges,45,0,67,Wednesday,No,12,None,Sunny,23.8,51.4,0.0,112,99,33,45.9
2024-12-26,Oranges,67,0,0,Thursday,No,12,None,Sunny,26.9,58.9,0.0,67,0,45,46.7
2024-12-27,Oranges,47,0,37,Friday,No,12,None,Cloudy,29.8,57.1,0.0,84,84,67,49.4
2024-12-28,Oranges,37,0,0,Saturday,Yes,12,None,Cloudy,16.4,47.1,0.0,37,0,47,50.1
2024-12-29,Oranges,90,0,37,Sunday,Yes,12,None,Sunny,21.2,52.2,0.0,127,127,37,46.0
2024-12-30,Oranges,37,0,0,Monday,No,12,None,Cloudy,29.5,53.7,0.0,37,0,90,51.1
2024-01-01,Grapes,34,1,106,Monday,No,1,None,Sunny,17.5,41.3,0.0,141,141,34,34.0
2024-01-02,Grapes,42,0,64,Tuesday,No,1,None,Cloudy,16.7,48.3,0.0,106,0,34,34.0
2024-01-03,Grapes,64,0,0,Wednesday,No,1,None,Cloudy,20.2,59.6,0.0,64,0,42,38.0
2024-01-04,Grapes,56,0,68,Thursday,No,1,None,Sunny,28.1,60.8,0.0,124,124,64,46.7
2024-01-05,Grapes,57,0,11,Friday,No,1,None,Cloudy,27.0,48.4,0.0,68,0,56,49.0
2024-01-06,Grapes,85,0,27,Saturday,Yes,1,None,Cloudy,23.7,60.8,0.0,112,101,57,50.6
2024-01-07,Grapes,72,0,58,Sunday,Yes,1,None,Sunny,17.1,50.4,0.0,130,103,85,56.3
2024-01-08,Grapes,40,0,18,Monday,No,1,None,Sunny,25.1,49.9,0.0,58,0,72,58.6
2024-01-09,Grapes,33,0,59,Tuesday,No,1,None,Sunny,29.2,62.0,0.0,92,74,40,59.4
2024-01-10,Grapes,52,0,7,Wednesday,No,1,None,Cloudy,19.5,58.3,0.0,59,0,33,58.1
2024-01-11,Grapes,68,0,9,Thursday,No,1,None,Cloudy,29.1,48.7,0.0,77,70,52,56.4
2024-01-12,Grapes,69,0,36,Friday,No,1,None,Cloudy,23.6,45.3,0.0,105,96,68,58.1
2024-01-13,Grapes,36,0,0,Saturday,Yes,1,Uttarayan,Cloudy,22.1,41.1,0.0,36,0,69,59.9
2024-01-14,Grapes,149,0,0,Sunday,Yes,1,Uttarayan,Sunny,26.2,50.3,0.0,149,149,36,52.9
2024-01-15,Grapes,76,0,0,Monday,No,1,Uttarayan,Sunny,22.3,43.3,0.0,76,76,149,63.9
2024-01-16,Grapes,73,0,61,Tuesday,No,1,None,Sunny,19.3,40.2,0.0,134,134,76,69.0
2024-01-17,Grapes,61,0,0,Wednesday,No,1,None,Cloudy,19.8,42.6,0.0,61,0,73,74.7
2024-01-18,Grapes,70,1,76,Thursday,No,1,None,Sunny,15.5,57.9,0.0,147,147,61,76.0
2024-01-19,Grapes,69,0,7,Friday,No,1,None,Sunny,17.9,40.6,0.0,76,0,70,76.3
2024-01-20,Grapes,58,0,23,Saturday,Yes,1,None,Cloudy,24.0,60.3,0.0,81,74,69,76.3
2024-01-21,Grapes,64,0,42,Sunday,Yes,1,None,Sunny,18.8,48.2,0.0,106,83,58,79.4
2024-01-22,Grapes,38,0,4,Monday,No,1,None,Sunny,18.7,47.7,0.0,42,0,64,67.3
2024-01-23,Grapes,60,0,32,Tuesday,No,1,None,Cloudy,16.0,60.8,0.0,92,88,38,61.9
2024-01-24,Grapes,32,0,0,Wednesday,No,1,None,Sunny,22.8,45.3,0.0,32,0,60,60.0
2024-01-25,Grapes,60,0,8,Thursday,No,1,None,Sunny,20.8,61.6,0.0,68,68,32,55.9
2024-01-26,Grapes,53,0,9,Friday,No,1,None,Sunny,15.3,43.8,0.0,62,54,60,54.4
2024-01-27,Grapes,85,0,34,Saturday,Yes,1,None,Sunny,28.3,60.4,0.0,119,110,53,52.1
2024-01-28,Grapes,34,0,0,Sunday,Yes,1,None,Sunny,24.6,48.0,0.0,34,0,85,56.0
2024-01-29,Grapes,46,0,49,Monday,No,1,None,Sunny,18.3,43.5,0.0,95,95,34,51.7
2024-01-30,Grapes,31,0,18,Tuesday,No,1,None,Cloudy,18.6,59.0,0.0,49,0,46,52.9
2024-01-31,Grapes,58,0,32,Wednesday,No,1,None,Cloudy,29.0,55.5,0.0,90,72,31,48.7
2024-02-01,Grapes,32,0,0,Thursday,No,2,None,Sunny,26.7,59.1,0.0,32,0,58,52.4
2024-02-02,Grapes,46,0,38,Friday,No,2,None,Sunny,20.9,43.3,0.0,84,84,32,48.4
2024-02-03,Grapes,38,0,0,Saturday,Yes,2,None,Cloudy,24.5,58.2,0.0,38,0,46,47.4
2024-02-04,Grapes,62,1,82,Sunday,Yes,2,None,Cloudy,24.7,58.6,0.0,145,145,38,40.7
2024-02-05,Grapes,36,0,46,Monday,No,2,None,Sunny,28.8,60.3,0.0,82,0,62,44.7
2024-02-06,Grapes,46,0,0,Tuesday,No,2,None,Sunny,19.9,59.1,0.0,46,0,36,43.3
2024-02-07,Grapes,75,0,0,Wednesday,No,2,None,Sunny,20.7,48.5,0.0,75,75,46,45.4
2024-02-08,Grapes,46,0,55,Thursday,No,2,None,Cloudy,16.2,55.0,0.0,101,101,75,47.9
2024-02-09,Grapes,55,0,0,Friday,No,2,None,Sunny,27.9,61.4,0.0,55,0,46,49.9
2024-02-10,Grapes,65,0,19,Saturday,Yes,2,None,Sunny,25.4,63.6,0.0,84,84,55,51.1
2024-02-11,Grapes,45,0,51,Sunday,Yes,2,None,Sunny,18.5,46.1,0.0,96,77,65,55.0
2024-02-12,Grapes,51,0,0,Monday,No,2,None,Sunny,15.1,51.1,0.0,51,0,45,52.6
2024-02-13,Grapes,39,0,79,Tuesday,No,2,None,Sunny,27.2,63.6,0.0,118,118,51,54.7
2024-02-14,Grapes,36,0,43,Wednesday,No,2,None,Sunny,25.6,58.5,0.0,79,0,39,53.7
2024-02-15,Grapes,43,0,0,Thursday,No,2,None,Cloudy,24.6,47.7,0.0,43,0,36,48.1
2024-02-16,Grapes,40,1,59,Friday,No,2,None,Cloudy,18.3,42.2,0.0,100,100,43,47.7
2024-02-17,Grapes,59,0,0,Saturday,Yes,2,None,Sunny,24.5,50.0,0.0,59,0,40,45.6
2024-02-18,Grapes,83,0,38,Sunday,Yes,2,None,Cloudy,27.4,60.7,0.0,121,121,59,44.7
2024-02-19,Grapes,38,0,0,Monday,No,2,None,Cloudy,25.1,57.4,0.0,38,0,83,50.1
2024-02-20,Grapes,48,0,89,Tuesday,No,2,None,Sunny,25.9,42.8,0.0,137,137,38,48.3
2024-02-21,Grapes,37,0,52,Wednesday,No,2,None,Cloudy,20.2,61.6,0.0,89,0,48,49.6
2024-02-22,Grapes,52,0,0,Thursday,No,2,None,Sunny,24.4,61.6,0.0,52,0,37,49.7
2024-02-23,Grapes,33,0,39,Friday,No,2,None,Sunny,23.7,64.9,0.0,72,72,52,51.0
2024-02-24,Grapes,39,0,0,Saturday,Yes,2,None,Sunny,18.8,53.2,0.0,39,0,33,50.0
2024-02-25,Grapes,84,0,0,Sunday,Yes,2,None,Sunny,21.9,40.8,0.0,84,84,39,47.1
2024-02-26,Grapes,59,1,77,Monday,No,2,None,Sunny,21.0,51.9,0.0,137,137,84,47.3
2024-02-27,Grapes,56,0,21,Tuesday,No,2,None,Sunny,21.2,50.6,0.0,77,0,59,50.3
2024-02-28,Grapes,50,0,63,Wednesday,No,2,None,Sunny,27.3,56.2,0.0,113,92,56,51.4
2024-02-29,Grapes,63,0,0,Thursday,No,2,None,Cloudy,15.7,63.3,0.0,63,0,50,53.3
2024-03-01,Grapes,49,1,29,Friday,No,3,None,Sunny,36.1,55.4,0.0,79,79,63,54.9
2024-03-02,Grapes,44,3,88,Saturday,Yes,3,None,Sunny,39.4,44.4,0.0,135,106,49,57.1
2024-03-03,Grapes,88,0,0,Sunday,Yes,3,None,Sunny,43.9,55.3,0.0,88,0,44,57.9
2024-03-04,Grapes,33,1,96,Monday,No,3,None,Sunny,33.6,32.0,0.0,130,130,88,58.4
2024-03-05,Grapes,51,1,44,Tuesday,No,3,None,Sunny,41.2,39.2,0.0,96,0,33,54.7
2024-03-06,Grapes,44,0,0,Wednesday,No,3,None,Sunny,41.7,51.3,0.0,44,0,51,54.0
2024-03-07,Grapes,46,0,101,Thursday,No,3,None,Sunny,33.4,37.0,0.0,147,147,44,53.1
2024-03-08,Grapes,68,3,30,Friday,No,3,None,Cloudy,37.9,52.2,0.0,101,0,46,50.7
2024-03-09,Grapes,30,0,0,Saturday,Yes,3,None,Sunny,43.4,53.2,0.0,30,0,68,53.4
2024-03-10,Grapes,66,0,0,Sunday,Yes,3,None,Light Rain,38.0,59.7,3.9,66,66,30,51.4
2024-03-11,Grapes,63,4,44,Monday,No,3,None,Sunny,42.2,56.6,0.0,111,111,66,48.3
2024-03-12,Grapes,28,1,15,Tuesday,No,3,None,Light Rain,36.5,30.2,9.6,44,0,63,52.6
2024-03-13,Grapes,58,4,56,Wednesday,No,3,None,Sunny,42.8,30.0,0.0,118,103,28,49.3
2024-03-14,Grapes,56,0,0,Thursday,No,3,None,Sunny,34.4,42.8,0.0,56,0,58,51.3
2024-03-15,Grapes,69,1,18,Friday,No,3,None,Sunny,37.7,59.3,0.0,88,88,56,52.7
2024-03-16,Grapes,84,0,0,Saturday,Yes,3,None,Sunny,36.4,51.3,0.0,84,66,69,52.9
2024-03-17,Grapes,68,0,58,Sunday,Yes,3,None,Sunny,34.1,53.5,0.0,126,126,84,60.6
2024-03-18,Grapes,55,0,3,Monday,No,3,None,Sunny,32.3,52.8,0.0,58,0,68,60.9
2024-03-19,Grapes,45,0,28,Tuesday,No,3,None,Cloudy,33.0,58.7,0.0,73,70,55,59.7
2024-03-20,Grapes,36,10,95,Wednesday,No,3,None,Light Rain,43.1,30.4,2.0,141,113,45,62.1
2024-03-21,Grapes,44,5,46,Thursday,No,3,None,Cloudy,43.5,36.0,0.0,95,0,36,59.0
2024-03-22,Grapes,38,0,8,Friday,No,3,None,Light Rain,44.4,52.6,2.4,46,0,44,57.3
2024-03-23,Grapes,50,0,39,Saturday,Yes,3,None,Light Rain,34.5,43.4,8.2,89,81,38,52.9
2024-03-24,Grapes,39,0,0,Sunday,Yes,3,None,Cloudy,33.5,42.0,0.0,39,0,50,48.0
2024-03-25,Grapes,48,0,18,Monday,No,3,None,Sunny,34.4,58.5,0.0,66,66,39,43.9
2024-03-26,Grapes,61,6,55,Tuesday,No,3,None,Sunny,36.6,31.3,0.0,122,104,48,42.9
2024-03-27,Grapes,49,0,6,Wednesday,No,3,None,Sunny,33.8,52.9,0.0,55,0,61,45.1
2024-03-28,Grapes,48,3,39,Thursday,No,3,None,Sunny,37.0,53.3,0.0,90,84,49,47.0
2024-03-29,Grapes,39,0,0,Friday,No,3,None,Sunny,40.2,43.5,0.0,39,0,48,47.6
2024-03-30,Grapes,39,2,25,Saturday,Yes,3,None,Cloudy,42.7,50.9,0.0,66,66,39,47.7
2024-03-31,Grapes,92,0,12,Sunday,Yes,3,None,Sunny,40.7,57.8,0.0,104,79,39,46.1
2024-04-01,Grapes,41,6,77,Monday,No,4,None,Cloudy,35.1,42.8,0.0,124,112,92,53.7
2024-04-02,Grapes,57,1,19,Tuesday,No,4,None,Cloudy,41.0,40.9,0.0,77,0,41,52.7
2024-04-03,Grapes,39,4,61,Wednesday,No,4,None,Sunny,38.1,54.0,0.0,104,85,57,52.1
2024-04-04,Grapes,49,0,12,Thursday,No,4,None,Light Rain,34.6,42.4,7.2,61,0,39,50.7
2024-04-05,Grapes,58,1,40,Friday,No,4,None,Sunny,41.4,40.8,0.0,99,87,49,50.9
2024-04-06,Grapes,40,0,0,Saturday,Yes,4,None,Sunny,35.9,32.7,0.0,40,0,58,53.6
2024-04-07,Grapes,61,2,46,Sunday,Yes,4,None,Light Rain,35.2,54.4,9.3,109,109,40,53.7
2024-04-08,Grapes,46,0,0,Monday,No,4,None,Cloudy,41.6,46.4,0.0,46,0,61,49.3
2024-04-09,Grapes,37,3,64,Tuesday,No,4,None,Light Rain,38.9,35.9,3.7,104,104,46,50.0
2024-04-10,Grapes,39,2,23,Wednesday,No,4,None,Light Rain,43.6,33.4,9.6,64,0,37,47.1
2024-04-11,Grapes,48,2,49,Thursday,No,4,None,Sunny,39.5,31.6,0.0,99,76,39,47.1
2024-04-12,Grapes,49,0,0,Friday,No,4,None,Sunny,43.3,32.6,0.0,49,0,48,47.0
2024-04-13,Grapes,64,6,55,Saturday,Yes,4,None,Light Rain,35.4,48.7,5.4,125,125,49,45.7
2024-04-14,Grapes,45,0,10,Sunday,Yes,4,None,Sunny,39.4,52.9,0.0,55,0,64,49.1
2024-04-15,Grapes,52,1,13,Monday,No,4,None,Light Rain,43.0,40.9,8.1,66,56,45,46.9
2024-04-16,Grapes,42,1,44,Tuesday,No,4,None,Sunny,43.0,41.9,0.0,87,74,52,47.7
2024-04-17,Grapes,44,0,0,Wednesday,No,4,None,Cloudy,37.0,47.5,0.0,44,0,42,48.4
2024-04-18,Grapes,60,2,40,Thursday,No,4,None,Sunny,38.2,49.9,0.0,102,102,44,49.1
2024-04-19,Grapes,40,0,0,Friday,No,4,None,Sunny,35.8,52.5,0.0,40,0,60,50.9
2024-04-20,Grapes,55,0,6,Saturday,Yes,4,None,Cloudy,44.6,51.5,0.0,61,61,40,49.6
2024-04-21,Grapes,61,0,7,Sunday,Yes,4,None,Sunny,35.9,58.9,0.0,68,62,55,48.3
2024-04-22,Grapes,24,2,70,Monday,No,4,None,Light Rain,37.8,33.7,4.9,96,89,61,50.6
2024-04-23,Grapes,34,1,35,Tuesday,No,4,None,Sunny,36.7,40.0,0.0,70,0,24,46.6
2024-04-24,Grapes,35,0,0,Wednesday,No,4,None,Light Rain,41.5,48.0,7.3,35,0,34,45.4
2024-04-25,Grapes,46,1,18,Thursday,No,4,None,Sunny,36.0,58.1,0.0,65,65,35,44.1
2024-04-26,Grapes,69,0,49,Friday,No,4,None,Cloudy,33.6,39.8,0.0,118,100,46,42.1
2024-04-27,Grapes,49,0,0,Saturday,Yes,4,None,Cloudy,43.1,40.2,0.0,49,0,69,46.3
2024-04-28,Grapes,54,7,67,Sunday,Yes,4,None,Light Rain,43.0,35.5,8.4,128,128,49,45.4
2024-04-29,Grapes,50,0,17,Monday,No,4,None,Sunny,33.5,34.2,0.0,67,0,54,44.4
2024-04-30,Grapes,47,3,51,Tuesday,No,4,None,Sunny,41.7,55.1,0.0,101,84,50,48.1
2024-05-01,Grapes,51,0,0,Wednesday,No,5,None,Cloudy,41.1,35.8,0.0,51,0,47,50.0
2024-05-02,Grapes,45,0,15,Thursday,No,5,None,Sunny,41.4,33.6,0.0,60,60,51,52.3
2024-05-03,Grapes,51,0,17,Friday,No,5,None,Sunny,34.3,51.2,0.0,68,53,45,52.1
2024-05-04,Grapes,52,1,19,Saturday,Yes,5,None,Sunny,44.0,52.9,0.0,72,55,51,49.6
2024-05-05,Grapes,41,1,34,Sunday,Yes,5,None,Light Rain,38.3,30.7,5.4,76,57,52,50.0
2024-05-06,Grapes,34,0,0,Monday,No,5,None,Light Rain,41.5,54.4,2.7,34,0,41,48.1
2024-05-07,Grapes,56,6,82,Tuesday,No,5,None,Sunny,38.6,55.7,0.0,144,144,34,45.9
2024-05-08,Grapes,30,3,49,Wednesday,No,5,None,Light Rain,36.5,58.0,4.5,82,0,56,47.1
2024-05-09,Grapes,31,1,17,Thursday,No,5,None,Light Rain,41.6,31.1,3.8,49,0,30,44.1
2024-05-10,Grapes,58,0,46,Friday,No,5,None,Sunny,32.2,46.6,0.0,104,87,31,42.1
2024-05-11,Grapes,46,0,0,Saturday,Yes,5,None,Sunny,40.7,40.1,0.0,46,0,58,43.1
2024-05-12,Grapes,81,1,33,Sunday,Yes,5,None,Sunny,37.9,44.3,0.0,115,115,46,42.3
2024-05-13,Grapes,33,0,0,Monday,No,5,None,Cloudy,42.9,37.2,0.0,33,0,81,48.0
2024-05-14,Grapes,44,3,37,Tuesday,No,5,None,Sunny,42.0,31.9,0.0,84,84,33,47.9
2024-05-15,Grapes,37,0,0,Wednesday,No,5,None,Cloudy,37.2,42.7,0.0,37,0,44,46.1
2024-05-16,Grapes,68,0,9,Thursday,No,5,None,Sunny,39.1,58.3,0.0,77,77,37,47.1
2024-05-17,Grapes,58,1,17,Friday,No,5,None,Sunny,40.0,55.8,0.0,76,67,68,52.4
2024-05-18,Grapes,52,6,60,Saturday,Yes,5,None,Cloudy,43.5,36.9,0.0,118,101,58,52.4
2024-05-19,Grapes,60,0,0,Sunday,Yes,5,None,Sunny,39.3,45.5,0.0,60,0,52,53.3
2024-05-20,Grapes,57,1,20,Monday,No,5,None,Sunny,43.0,50.6,0.0,78,78,60,50.3
2024-05-21,Grapes,40,0,82,Tuesday,No,5,None,Sunny,34.2,32.9,0.0,122,102,57,53.7
2024-05-22,Grapes,46,2,34,Wednesday,No,5,None,Sunny,39.1,34.9,0.0,82,0,40,53.1
2024-05-23,Grapes,34,0,0,Thursday,No,5,None,Sunny,34.9,45.5,0.0,34,0,46,54.4
2024-05-24,Grapes,45,4,96,Friday,No,5,None,Sunny,41.7,46.0,0.0,145,145,34,49.6
2024-05-25,Grapes,54,3,39,Saturday,Yes,5,None,Light Rain,40.9,58.0,4.1,96,0,45,47.7
2024-05-26,Grapes,39,0,0,Sunday,Yes,5,None,Sunny,42.0,42.2,0.0,39,0,54,48.0
2024-05-27,Grapes,48,3,58,Monday,No,5,None,Sunny,43.7,48.7,0.0,109,109,39,45.0
2024-05-28,Grapes,35,1,22,Tuesday,No,5,None,Light Rain,43.8,52.8,3.7,58,0,48,43.7
2024-05-29,Grapes,66,3,28,Wednesday,No,5,None,Cloudy,41.8,44.2,0.0,97,75,35,43.0
2024-05-30,Grapes,46,3,68,Thursday,No,5,None,Sunny,37.9,37.6,0.0,117,89,66,45.9
2024-05-31,Grapes,48,0,20,Friday,No,5,None,Light Rain,34.6,53.1,8.5,68,0,46,47.6
2024-08-01,Custard Apple (Sitafal),20,5,43,Thursday,No,8,None,Heavy Rain,28.2,81.1,44.1,68,68,20,20.0
2024-08-02,Custard Apple (Sitafal),34,1,8,Friday,No,8,None,Cloudy,32.4,85.5,0.0,43,0,20,20.0
2024-08-03,Custard Apple (Sitafal),43,5,51,Saturday,Yes,8,None,Heavy Rain,29.3,81.1,74.1,99,91,34,27.0
2024-08-04,Custard Apple (Sitafal),51,0,0,Sunday,Yes,8,None,Sunny,30.3,87.5,0.0,51,0,43,32.3
2024-08-05,Custard Apple (Sitafal),31,8,103,Monday,No,8,None,Light Rain,29.4,89.9,9.7,142,142,51,37.0
2024-08-06,Custard Apple (Sitafal),71,4,28,Tuesday,No,8,None,Sunny,34.9,86.1,0.0,103,0,31,35.8
2024-08-07,Custard Apple (Sitafal),47,4,35,Wednesday,No,8,None,Cloudy,30.6,90.0,0.0,86,58,71,41.7
2024-08-08,Custard Apple (Sitafal),26,0,9,Thursday,No,8,None,Light Rain,31.8,86.3,16.3,35,0,47,42.4
2024-08-09,Custard Apple (Sitafal),49,0,51,Friday,No,8,None,Sunny,28.9,76.1,0.0,100,91,26,43.3
2024-08-10,Custard Apple (Sitafal),51,0,0,Saturday,Yes,8,None,Cloudy,30.1,81.9,0.0,51,0,49,45.4
2024-08-11,Custard Apple (Sitafal),88,0,17,Sunday,Yes,8,None,Cloudy,30.8,71.4,0.0,105,105,51,46.6
2024-08-12,Custard Apple (Sitafal),41,7,67,Monday,No,8,None,Sunny,30.4,89.9,0.0,115,98,88,51.9
2024-08-13,Custard Apple (Sitafal),66,0,1,Tuesday,No,8,None,Sunny,29.8,93.3,0.0,67,0,41,53.3
2024-08-14,Custard Apple (Sitafal),53,0,52,Wednesday,No,8,None,Cloudy,33.3,77.8,0.0,105,104,66,52.6
2024-08-15,Custard Apple (Sitafal),16,6,30,Thursday,No,8,None,Heavy Rain,30.5,83.4,89.1,52,0,53,53.4
2024-08-16,Custard Apple (Sitafal),30,0,0,Friday,No,8,None,Cloudy,30.1,81.9,0.0,30,0,16,52.0
2024-08-17,Custard Apple (Sitafal),58,4,46,Saturday,Yes,8,None,Sunny,34.0,94.9,0.0,108,108,30,49.3
2024-08-18,Custard Apple (Sitafal),46,0,0,Sunday,Yes,8,None,Cloudy,30.9,91.9,0.0,46,0,58,50.3
2024-08-19,Custard Apple (Sitafal),55,2,39,Monday,No,8,None,Sunny,28.4,90.6,0.0,96,96,46,44.3
2024-08-20,Custard Apple (Sitafal),34,0,5,Tuesday,No,8,None,Light Rain,31.3,91.4,14.2,39,0,55,46.3
2024-08-21,Custard Apple (Sitafal),16,9,73,Wednesday,No,8,None,Heavy Rain,30.1,89.5,36.1,98,93,34,41.7
2024-08-22,Custard Apple (Sitafal),46,0,27,Thursday,No,8,None,Sunny,33.7,70.2,0.0,73,0,16,36.4
2024-08-23,Custard Apple (Sitafal),50,0,86,Friday,No,8,None,Cloudy,31.2,76.4,0.0,136,109,46,40.7
2024-08-24,Custard Apple (Sitafal),24,2,60,Saturday,Yes,8,None,Heavy Rain,33.0,77.0,81.3,86,0,50,43.6
2024-08-25,Custard Apple (Sitafal),60,0,0,Sunday,Yes,8,None,Sunny,28.1,74.7,0.0,60,0,24,38.7
2024-08-26,Custard Apple (Sitafal),29,16,76,Monday,No,8,None,Heavy Rain,28.2,89.6,29.0,121,121,60,40.7
2024-08-27,Custard Apple (Sitafal),35,0,41,Tuesday,No,8,None,Cloudy,34.9,76.3,0.0,76,0,29,37.0
2024-08-28,Custard Apple (Sitafal),41,0,0,Wednesday,No,8,None,Sunny,33.5,82.2,0.0,41,0,35,37.1
2024-08-29,Custard Apple (Sitafal),40,2,22,Thursday,No,8,None,Light Rain,31.6,81.3,18.4,64,64,41,40.7
2024-08-30,Custard Apple (Sitafal),35,2,99,Friday,No,8,None,Sunny,30.0,77.0,0.0,136,114,40,39.9
2024-08-31,Custard Apple (Sitafal),43,4,52,Saturday,Yes,8,None,Heavy Rain,30.7,81.2,55.2,99,0,35,37.7
2024-09-01,Custard Apple (Sitafal),52,0,0,Sunday,Yes,9,None,Light Rain,28.5,72.9,9.5,52,0,43,40.4
2024-09-02,Custard Apple (Sitafal),24,8,93,Monday,No,9,None,Heavy Rain,29.8,78.7,20.5,125,125,52,39.3
2024-09-03,Custard Apple (Sitafal),30,0,63,Tuesday,No,9,None,Light Rain,28.6,74.0,19.1,93,0,24,38.6
2024-09-04,Custard Apple (Sitafal),52,1,10,Wednesday,No,9,None,Sunny,29.8,81.2,0.0,63,0,30,37.9
2024-09-05,Custard Apple (Sitafal),65,0,33,Thursday,No,9,None,Cloudy,35.0,77.2,0.0,98,88,52,39.4
2024-09-06,Custard Apple (Sitafal),33,0,0,Friday,No,9,None,Light Rain,28.4,73.2,12.5,33,0,65,43.0
2024-09-07,Custard Apple (Sitafal),31,5,80,Saturday,Yes,9,None,Heavy Rain,29.9,72.6,61.2,116,116,33,42.7
2024-09-08,Custard Apple (Sitafal),67,1,12,Sunday,Yes,9,None,Cloudy,30.6,89.3,0.0,80,0,31,41.0
2024-09-09,Custard Apple (Sitafal),53,2,34,Monday,No,9,None,Cloudy,30.4,80.8,0.0,89,77,67,43.1
2024-09-10,Custard Apple (Sitafal),15,1,18,Tuesday,No,9,None,Heavy Rain,31.6,89.9,84.8,34,0,53,47.3
2024-09-11,Custard Apple (Sitafal),61,1,64,Wednesday,No,9,None,Cloudy,33.3,75.9,0.0,126,108,15,45.1
2024-09-12,Custard Apple (Sitafal),45,2,17,Thursday,No,9,None,Light Rain,31.6,81.1,6.2,64,0,61,46.4
2024-09-13,Custard Apple (Sitafal),66,5,49,Friday,No,9,None,Sunny,29.0,84.2,0.0,120,103,45,43.6
2024-09-14,Custard Apple (Sitafal),39,0,10,Saturday,Yes,9,None,Light Rain,30.6,72.3,8.9,49,0,66,48.3
2024-09-15,Custard Apple (Sitafal),55,0,9,Sunday,Yes,9,None,Cloudy,29.7,94.2,0.0,64,54,39,49.4
2024-09-16,Custard Apple (Sitafal),21,16,87,Monday,No,9,None,Heavy Rain,34.3,94.2,91.1,124,115,55,47.7
2024-09-17,Custard Apple (Sitafal),35,4,48,Tuesday,No,9,None,Light Rain,29.9,88.4,6.6,87,0,21,43.1
2024-09-18,Custard Apple (Sitafal),37,0,11,Wednesday,No,9,None,Sunny,30.5,77.9,0.0,48,0,35,46.0
2024-09-19,Custard Apple (Sitafal),31,3,44,Thursday,No,9,None,Cloudy,28.0,89.1,0.0,78,67,37,42.6
2024-09-20,Custard Apple (Sitafal),39,0,5,Friday,No,9,None,Sunny,32.0,94.6,0.0,44,0,31,40.6
2024-09-21,Custard Apple (Sitafal),45,3,40,Saturday,Yes,9,None,Cloudy,33.0,85.2,0.0,88,83,39,36.7
2024-09-22,Custard Apple (Sitafal),40,0,0,Sunday,Yes,9,None,Light Rain,34.9,77.0,17.6,40,0,45,37.6
2024-09-23,Custard Apple (Sitafal),51,2,92,Monday,No,9,None,Cloudy,30.9,77.7,0.0,145,145,40,35.4
2024-09-24,Custard Apple (Sitafal),50,0,42,Tuesday,No,9,None,Sunny,28.5,75.0,0.0,92,0,51,39.7
2024-09-25,Custard Apple (Sitafal),42,0,0,Wednesday,No,9,None,Cloudy,31.8,73.1,0.0,42,0,50,41.9
2024-09-26,Custard Apple (Sitafal),38,5,93,Thursday,No,9,None,Light Rain,29.5,80.3,5.1,136,136,42,42.6
2024-09-27,Custard Apple (Sitafal),32,5,56,Friday,No,9,None,Cloudy,34.1,91.8,0.0,93,0,38,43.6
2024-09-28,Custard Apple (Sitafal),56,0,0,Saturday,Yes,9,None,Cloudy,30.1,87.9,0.0,56,0,32,42.6
2024-09-29,Custard Apple (Sitafal),36,0,50,Sunday,Yes,9,None,Light Rain,31.0,72.3,17.7,86,86,56,44.1
2024-09-30,Custard Apple (Sitafal),21,1,28,Monday,No,9,None,Heavy Rain,30.2,71.5,99.4,50,0,36,43.6
2024-10-01,Custard Apple (Sitafal),35,1,96,Tuesday,No,10,None,Sunny,19.9,57.3,0.0,132,104,21,39.3
2024-10-02,Custard Apple (Sitafal),41,0,55,Wednesday,No,10,None,Cloudy,21.7,58.2,0.0,96,0,35,37.1
2024-10-03,Custard Apple (Sitafal),55,0,0,Thursday,No,10,None,Sunny,21.9,49.9,0.0,55,0,41,37.0
2024-10-04,Custard Apple (Sitafal),69,0,0,Friday,No,10,Navratri,Cloudy,20.0,54.5,0.0,69,69,55,39.4
2024-10-05,Custard Apple (Sitafal),87,0,13,Saturday,Yes,10,None,Sunny,15.4,51.2,0.0,100,100,69,44.7
2024-10-06,Custard Apple (Sitafal),93,0,14,Sunday,Yes,10,Navratri,Cloudy,15.8,51.2,0.0,107,94,87,49.1
2024-10-07,Custard Apple (Sitafal),68,0,32,Monday,No,10,None,Sunny,19.6,55.5,0.0,100,86,93,57.3
2024-10-08,Custard Apple (Sitafal),32,0,0,Tuesday,No,10,Navratri,Sunny,22.9,40.9,0.0,32,0,68,64.0
2024-10-09,Custard Apple (Sitafal),51,0,52,Wednesday,No,10,None,Sunny,19.4,53.6,0.0,103,103,32,63.6
2024-10-10,Custard Apple (Sitafal),52,0,0,Thursday,No,10,None,Sunny,16.5,54.6,0.0,52,0,51,65.0
2024-10-11,Custard Apple (Sitafal),79,0,0,Friday,No,10,Navratri,Sunny,19.0,62.8,0.0,79,79,52,64.6
2024-10-12,Custard Apple (Sitafal),101,0,0,Saturday,Yes,10,Navratri,Sunny,19.7,55.5,0.0,101,101,79,66.0
2024-10-13,Custard Apple (Sitafal),54,0,24,Sunday,Yes,10,None,Sunny,27.3,64.2,0.0,78,78,101,68.0
2024-10-14,Custard Apple (Sitafal),58,0,18,Monday,No,10,None,Cloudy,27.9,44.3,0.0,76,52,54,62.4
2024-10-15,Custard Apple (Sitafal),106,0,0,Tuesday,No,10,Navratri,Cloudy,15.4,57.4,0.0,106,88,58,61.0
2024-10-16,Custard Apple (Sitafal),64,0,60,Wednesday,No,10,None,Cloudy,15.3,42.3,0.0,124,124,106,71.6
2024-10-17,Custard Apple (Sitafal),32,0,28,Thursday,No,10,None,Cloudy,18.8,59.2,0.0,60,0,64,73.4
2024-10-18,Custard Apple (Sitafal),41,1,104,Friday,No,10,None,Sunny,16.5,41.6,0.0,146,118,32,70.6
2024-10-19,Custard Apple (Sitafal),104,0,0,Saturday,Yes,10,Navratri,Sunny,22.0,63.2,0.0,104,0,41,65.1
2024-10-20,Custard Apple (Sitafal),64,0,0,Sunday,Yes,10,None,Sunny,16.0,64.3,0.0,64,64,104,65.6
2024-10-21,Custard Apple (Sitafal),49,0,25,Monday,No,10,None,Sunny,24.9,57.9,0.0,74,74,64,67.0
2024-10-22,Custard Apple (Sitafal),50,1,78,Tuesday,No,10,None,Cloudy,24.0,61.7,0.0,129,104,49,65.7
2024-10-23,Custard Apple (Sitafal),59,0,19,Wednesday,No,10,None,Sunny,26.1,52.5,0.0,78,0,50,57.7
2024-10-24,Custard Apple (Sitafal),99,0,32,Thursday,No,10,Navratri,Sunny,18.6,53.8,0.0,131,112,59,57.0
2024-10-25,Custard Apple (Sitafal),32,0,0,Friday,No,10,None,Cloudy,15.7,61.1,0.0,32,0,99,66.6
2024-10-26,Custard Apple (Sitafal),70,0,25,Saturday,Yes,10,None,Sunny,16.4,58.9,0.0,95,95,32,65.3
2024-10-27,Custard Apple (Sitafal),95,0,7,Sunday,Yes,10,None,Sunny,21.0,63.7,0.0,102,77,70,60.4
2024-10-28,Custard Apple (Sitafal),62,0,23,Monday,No,10,None,Sunny,30.0,53.5,0.0,85,78,95,64.9
2024-10-29,Custard Apple (Sitafal),31,1,67,Tuesday,No,10,None,Cloudy,26.1,56.9,0.0,99,76,62,66.7
2024-10-30,Custard Apple (Sitafal),59,0,8,Wednesday,No,10,None,Sunny,27.9,64.1,0.0,67,0,31,64.0
2024-10-31,Custard Apple (Sitafal),51,1,63,Thursday,No,10,None,Sunny,27.2,54.5,0.0,115,107,59,64.0
2024-11-01,Custard Apple (Sitafal),49,0,14,Friday,No,11,None,Cloudy,15.8,58.7,0.0,63,0,51,57.1
2024-11-02,Custard Apple (Sitafal),57,0,9,Saturday,Yes,11,None,Sunny,19.7,63.9,0.0,66,52,49,59.6
2024-11-03,Custard Apple (Sitafal),75,0,18,Sunday,Yes,11,None,Sunny,24.3,41.2,0.0,93,84,57,57.7
2024-11-04,Custard Apple (Sitafal),48,0,35,Monday,No,11,None,Sunny,28.7,43.7,0.0,83,65,75,54.9
2024-11-05,Custard Apple (Sitafal),34,0,1,Tuesday,No,11,None,Cloudy,23.9,58.9,0.0,35,0,48,52.9
2024-11-06,Custard Apple (Sitafal),52,0,48,Wednesday,No,11,None,Cloudy,29.8,47.3,0.0,100,99,34,53.3
2024-11-07,Custard Apple (Sitafal),48,0,0,Thursday,No,11,None,Sunny,21.9,46.5,0.0,48,0,52,52.3
2024-11-08,Custard Apple (Sitafal),62,0,29,Friday,No,11,None,Sunny,18.1,55.3,0.0,91,91,48,51.9
2024-11-09,Custard Apple (Sitafal),133,0,0,Saturday,Yes,11,Diwali,Sunny,22.0,41.8,0.0,133,104,62,53.7
2024-11-10,Custard Apple (Sitafal),112,0,0,Sunday,Yes,11,Diwali,Cloudy,22.7,42.7,0.0,112,112,133,64.6
2024-11-11,Custard Apple (Sitafal),77,0,0,Monday,No,11,Diwali,Sunny,28.9,60.5,0.0,77,77,112,69.9
2024-11-12,Custard Apple (Sitafal),55,0,58,Tuesday,No,11,None,Cloudy,18.3,41.4,0.0,113,113,77,74.0
2024-11-13,Custard Apple (Sitafal),58,0,0,Wednesday,No,11,None,Sunny,28.4,54.2,0.0,58,0,55,77.0
2024-11-14,Custard Apple (Sitafal),53,0,64,Thursday,No,11,None,Sunny,15.1,51.7,0.0,117,117,58,77.9
2024-11-15,Custard Apple (Sitafal),45,0,19,Friday,No,11,None,Sunny,18.4,61.4,0.0,64,0,53,78.6
2024-11-16,Custard Apple (Sitafal),55,0,45,Saturday,Yes,11,None,Sunny,18.3,42.0,0.0,100,81,45,76.1
2024-11-17,Custard Apple (Sitafal),45,0,0,Sunday,Yes,11,None,Sunny,29.3,46.0,0.0,45,0,55,65.0
2024-11-18,Custard Apple (Sitafal),38,0,36,Monday,No,11,None,Sunny,19.1,40.1,0.0,74,74,45,55.4
2024-11-19,Custard Apple (Sitafal),36,0,0,Tuesday,No,11,None,Sunny,15.4,49.4,0.0,36,0,38,49.9
2024-11-20,Custard Apple (Sitafal),93,0,11,Wednesday,No,11,Diwali,Sunny,24.8,50.1,0.0,104,104,36,47.1
2024-11-21,Custard Apple (Sitafal),47,1,80,Thursday,No,11,None,Sunny,17.7,40.2,0.0,128,117,93,52.1
2024-11-22,Custard Apple (Sitafal),37,0,43,Friday,No,11,None,Sunny,18.6,42.1,0.0,80,0,47,51.3
2024-11-23,Custard Apple (Sitafal),43,0,0,Saturday,Yes,11,None,Sunny,29.5,44.1,0.0,43,0,37,50.1
2024-11-24,Custard Apple (Sitafal),45,1,75,Sunday,Yes,11,None,Sunny,18.1,46.5,0.0,121,121,43,48.4
2024-11-25,Custard Apple (Sitafal),38,0,37,Monday,No,11,None,Cloudy,21.2,44.2,0.0,75,0,45,48.4
2024-11-26,Custard Apple (Sitafal),31,0,6,Tuesday,No,11,None,Cloudy,17.2,56.4,0.0,37,0,38,48.4
2024-11-27,Custard Apple (Sitafal),59,0,52,Wednesday,No,11,None,Sunny,19.6,52.1,0.0,111,105,31,47.7
2024-11-28,Custard Apple (Sitafal),46,0,6,Thursday,No,11,None,Sunny,22.5,43.2,0.0,52,0,59,42.9
2024-11-29,Custard Apple (Sitafal),45,0,68,Friday,No,11,None,Sunny,24.5,61.5,0.0,113,107,46,42.7
2024-11-30,Custard Apple (Sitafal),68,0,0,Saturday,Yes,11,Diwali,Sunny,24.1,55.8,0.0,68,0,45,43.9
